timestamp,latitude,longitude,count
2026-01-01 23:24:53.771181415,41.91562255979033,-87.57336611701653,1
2026-01-01 10:48:33.345034177,41.88449202015837,-87.64877455554061,1
2026-01-01 13:18:36.125598168,41.922069898743146,-87.58313248387427,4
2026-01-01 04:40:16.784358409,41.83015586995855,-87.57709298192157,6
2026-01-01 17:52:27.450270435,41.90471545927767,-87.60787335613816,2
2026-01-01 03:07:05.218060984,41.85777924918077,-87.66053456374429,3
2026-01-01 19:58:27.246840545,41.83609217615188,-87.67926887294148,5
2026-01-01 04:47:52.068693849,41.88970806615334,-87.62279885145156,3
2026-01-01 03:21:18.460638229,41.88147895347445,-87.6124528360786,5
2026-01-01 13:17:09.260216850,41.95284706556172,-87.6817498669416,4
2026-01-01 10:28:52.382429676,41.91366132898965,-87.58219916588801,1
2026-01-01 06:45:11.568270700,41.92099879406286,-87.6412782594929,3
2026-01-01 19:32:11.361235145,41.885221286803535,-87.58837087875594,4
2026-01-01 17:20:11.847891533,41.84500370294667,-87.6515832307939,1
2026-01-01 16:42:42.080406716,41.90244862403928,-87.65796414041216,2
2026-01-01 02:06:12.953028911,41.91136925544864,-87.63570912907056,3
2026-01-01 17:12:19.312343337,41.811965019382285,-87.6896348096561,5
2026-01-01 21:39:44.847061387,41.83141911599951,-87.64212625347206,1
2026-01-01 20:33:31.474145581,41.920115406872874,-87.73343922539155,3
2026-01-01 02:01:35.989346486,41.8817064753857,-87.66156956254383,4
2026-01-01 02:28:54.016411228,41.88706378174782,-87.61660019896169,3
2026-01-01 00:32:50.254456965,41.81866184728386,-87.66818509196499,4
2026-01-01 11:40:47.279784417,41.80455968527487,-87.69073474487246,2
2026-01-01 07:57:27.561370396,42.02379312330037,-87.60493543400344,3
2026-01-01 19:49:51.622250392,41.85733213699102,-87.66652580794359,1
2026-01-01 16:08:01.544038639,41.88595242837227,-87.63931809022232,2
2026-01-01 21:59:03.423419889,41.875410872459085,-87.5237242051852,2
2026-01-01 22:52:10.507734025,41.81885281167915,-87.68770700573394,5
2026-01-01 01:04:40.277515497,41.8973475483053,-87.63919827385949,3
2026-01-02 15:52:47.533137694,41.886099580678675,-87.6369182995666,3
2026-01-02 02:56:46.285360352,41.933414435502996,-87.6040746136923,4
2026-01-02 20:59:22.160328356,41.96428328603917,-87.64057115279697,2
2026-01-02 00:20:04.095257988,41.948369091257234,-87.68348362113736,4
2026-01-02 12:09:06.906092022,41.94847409306569,-87.62436490558589,2
2026-01-02 17:44:08.217938302,41.83593848648536,-87.70292878362542,3
2026-01-02 22:56:05.849408858,41.87963157462973,-87.65885016600002,3
2026-01-02 13:19:29.110857037,41.87037471603751,-87.67155655670024,1
2026-01-02 23:11:22.437209170,41.88692866792269,-87.694863284334,2
2026-01-02 02:37:10.041320559,41.97194223056409,-87.68099460103353,4
2026-01-02 14:32:39.766908480,41.84164580811282,-87.66904878640408,2
2026-01-02 05:40:47.628162991,41.8516280286317,-87.68241164669006,4
2026-01-02 01:35:50.685240927,41.82326072107727,-87.51958518830072,1
2026-01-02 22:06:11.848822915,41.8596875521606,-87.60930666694357,3
2026-01-02 00:30:27.188611468,41.899838303723335,-87.65236936427381,2
2026-01-02 14:11:14.825711987,41.864780625499556,-87.61586980662243,1
2026-01-02 01:02:36.245357905,41.928735790891,-87.62047424033989,4
2026-01-02 08:58:00.261562906,41.87323567007933,-87.50420990146417,3
2026-01-02 22:11:46.337483160,41.89115788584541,-87.69654468831901,2
2026-01-02 12:51:56.278305875,41.7908707006513,-87.57415369110652,7
2026-01-02 06:23:42.430632073,41.88572812560513,-87.54151048162042,3
2026-01-02 08:49:13.020393947,41.85950427093394,-87.73520330694872,2
2026-01-02 22:46:21.324868205,41.921291400684915,-87.64951151338738,3
2026-01-02 19:18:19.453934627,41.90723276209939,-87.52586130367541,4
2026-01-02 16:40:30.558329918,41.86327145232327,-87.62580725104846,3
2026-01-02 17:25:01.830282651,41.86856744712475,-87.55952517439196,1
2026-01-02 19:13:16.392813752,41.91463873455694,-87.7241224153392,2
2026-01-02 02:16:52.250669564,41.95366142166384,-87.59154797134615,4
2026-01-02 19:10:54.743506642,41.89370047357757,-87.5604812778336,4
2026-01-02 02:48:37.748093769,41.958910484082566,-87.75359429660828,2
2026-01-02 21:33:38.869692036,41.951897452402676,-87.60769860323796,4
2026-01-02 03:46:57.646441199,41.88982004463494,-87.6135794056431,2
2026-01-03 23:40:44.965481461,41.952172777382955,-87.67441529372876,4
2026-01-03 20:24:46.109882083,41.92093969912833,-87.5792907959866,1
2026-01-03 10:54:13.071903126,41.8678419155567,-87.750011337524,3
2026-01-03 22:02:33.379772543,41.797987022947055,-87.70489883284637,3
2026-01-03 23:58:42.648712974,41.891913708966435,-87.71456595303354,5
2026-01-03 21:31:43.685664668,41.84498125204559,-87.62150551407649,1
2026-01-03 04:45:24.845231194,41.90460323528008,-87.6720803957722,2
2026-01-03 00:07:49.137668719,41.85841294138878,-87.59852996465608,1
2026-01-03 19:13:23.276954640,41.919575952101205,-87.74938362226325,4
2026-01-03 04:50:33.974366126,41.86385579668087,-87.61793259508349,3
2026-01-03 17:37:51.262343197,41.94577929447847,-87.62427240049395,2
2026-01-03 14:47:29.095001738,41.83369330731332,-87.65128100128447,4
2026-01-03 02:12:04.694903210,41.901834854423164,-87.63766519904127,2
2026-01-03 03:28:59.254003060,41.85140498808133,-87.69398514467738,4
2026-01-03 12:12:01.676601815,41.94413308277641,-87.65036716905186,5
2026-01-03 03:13:05.774293006,41.89553879470232,-87.51273924639243,1
2026-01-03 09:48:38.860654639,41.88610952966586,-87.56522559055202,4
2026-01-03 10:02:29.763815152,41.798621625334555,-87.75417900615948,2
2026-01-03 07:35:20.902717597,41.97496155812148,-87.56344039780556,5
2026-01-03 12:18:20.670734023,41.8611370758058,-87.56596890803594,3
2026-01-03 20:05:49.836106613,41.949760725330314,-87.62430878930961,5
2026-01-03 06:44:04.828081947,41.911379261815675,-87.56468277973325,1
2026-01-03 19:51:07.783878587,41.90079827896544,-87.64832038333279,3
2026-01-03 02:52:19.708826726,41.803346958488646,-87.54796826621117,2
2026-01-04 15:22:52.778028244,41.99912075061237,-87.60370694371218,4
2026-01-04 03:58:54.353384532,41.87379496740895,-87.5823516326986,2
2026-01-04 10:45:28.420985175,41.92299077042053,-87.53206378314256,4
2026-01-04 04:20:32.062752747,41.855973214405395,-87.54249726542376,4
2026-01-04 11:45:53.067663497,41.85567178959859,-87.60265996296141,2
2026-01-04 05:50:52.868030413,41.93549063303668,-87.77345561829404,1
2026-01-04 08:47:54.964458177,41.83678852668181,-87.61494004593347,4
2026-01-04 21:49:45.313870484,41.91344248204496,-87.59004004177687,5
2026-01-04 02:31:10.247453420,41.840423620982136,-87.69173576023468,3
2026-01-04 08:07:57.126916669,41.8745659809174,-87.60974229229014,2
2026-01-04 14:21:48.429350588,41.91507063361505,-87.63937889844533,3
2026-01-04 18:16:27.773459098,41.87470098720078,-87.61407785127554,5
2026-01-04 17:34:40.526658663,41.89627271689196,-87.77439531794799,4
2026-01-04 17:59:58.577677607,41.81926926402854,-87.68004780424512,5
2026-01-04 18:39:22.446218521,41.85690431237901,-87.72890554889076,1
2026-01-04 13:19:51.891755902,41.85207057935723,-87.58104392273478,5
2026-01-04 08:56:41.482288901,41.84626923584489,-87.59733210335173,2
2026-01-04 05:37:43.836998128,41.90500172199641,-87.69185848310046,7
2026-01-04 12:21:03.975158852,41.95065894245106,-87.6562391452942,1
2026-01-04 20:28:00.289600197,41.84711670329357,-87.60153182239601,4
2026-01-04 06:35:44.884385237,41.9586468497506,-87.47684032284359,3
2026-01-04 08:12:22.487490345,41.868603807948894,-87.69660328251531,1
2026-01-04 03:17:01.358421759,41.80337971900904,-87.5878481960983,3
2026-01-05 08:46:08.699220405,41.88631953514887,-87.65322783696777,2
2026-01-05 10:52:43.384785614,41.8229129651109,-87.59456444999184,1
2026-01-05 21:31:40.523413986,41.88696980573185,-87.55704886979011,5
2026-01-05 05:47:34.546124543,41.79281738919923,-87.72673950035924,6
2026-01-05 18:48:42.403050061,41.919890394815724,-87.60883896264637,4
2026-01-05 13:29:31.551394926,41.91893879336004,-87.59229488792512,6
2026-01-05 23:02:04.518729244,41.95301872201484,-87.65733042958897,4
2026-01-05 10:55:22.181584376,41.83676474765416,-87.6767449800377,2
2026-01-05 02:40:42.271816733,41.868044767274064,-87.5630220465004,1
2026-01-05 09:27:32.467148187,41.87525227293933,-87.56684958271352,3
2026-01-05 20:42:22.858307211,41.91047423453548,-87.63061880750772,1
2026-01-05 18:44:02.210282296,41.87749576746059,-87.6424414008618,3
2026-01-05 11:31:00.197807612,41.82698598591764,-87.6355707362154,2
2026-01-05 11:03:30.493892698,41.83195567790524,-87.54212926799678,3
2026-01-05 03:19:00.944109569,41.90049068583614,-87.62630354014388,1
2026-01-05 02:39:18.385997374,41.892007186322736,-87.62031285490569,2
2026-01-05 20:28:51.121287180,41.76573657223296,-87.56969527614092,4
2026-01-05 14:28:55.872854398,41.96797972612172,-87.59882214567392,5
2026-01-05 05:11:33.132067474,41.96735842010361,-87.56163707898668,4
2026-01-05 00:42:57.724136613,41.90986855714307,-87.58539914582174,1
2026-01-05 16:59:39.082763062,41.788919443514295,-87.62478273535537,2
2026-01-05 03:26:57.292349758,41.96454976704429,-87.54824676398226,3
2026-01-05 00:23:52.494883948,41.8234264314769,-87.60598052173007,3
2026-01-05 21:32:06.910058753,41.967978058332235,-87.5761472002892,1
2026-01-05 14:16:10.641408170,41.88031061890521,-87.64197483908774,3
2026-01-05 14:17:49.670132846,41.90366109072738,-87.60632412040401,2
2026-01-05 09:30:28.785605119,41.93106118694482,-87.56824978942689,3
2026-01-05 00:17:57.397454120,41.89706400171826,-87.5525601333037,5
2026-01-06 23:04:37.887992345,41.85290211292947,-87.66748396502352,4
2026-01-06 17:36:13.959754228,41.85403794380673,-87.54353338360501,4
2026-01-06 02:30:38.744363932,41.87955549732884,-87.62794496331804,5
2026-01-06 04:54:19.932515835,41.85910967441051,-87.67497351503373,2
2026-01-06 07:39:33.047015011,41.96996933377438,-87.64995635350242,5
2026-01-06 04:43:18.524416854,42.03704268396838,-87.57872286550932,4
2026-01-06 03:54:32.097647913,41.87965427938856,-87.6130854451293,1
2026-01-06 18:05:02.794243222,41.899348294871814,-87.74601801596233,3
2026-01-06 12:31:41.862838066,41.88229905016573,-87.67141036987434,2
2026-01-06 11:33:20.851804190,41.848856293253355,-87.63259523622037,1
2026-01-06 06:03:30.495503484,41.914314133872814,-87.62601985789992,2
2026-01-06 03:18:25.361504162,41.86705163411069,-87.63600520681449,6
2026-01-06 20:17:56.857154105,41.94034736893233,-87.65568036629438,1
2026-01-06 03:50:50.958958467,41.836448163860204,-87.66326373324972,2
2026-01-06 09:42:59.468926452,41.930566980527175,-87.67036103834089,3
2026-01-06 21:30:24.947921401,41.88322765918632,-87.63864654939509,3
2026-01-06 10:47:47.843515172,41.81424917775149,-87.62560482514031,3
2026-01-06 05:57:42.313293992,41.84699161498729,-87.57055569129722,4
2026-01-06 12:52:39.476373060,41.7840600786013,-87.6488743929177,6
2026-01-06 22:51:14.375449067,41.86648653350379,-87.6252572027226,1
2026-01-06 04:59:06.770689572,41.93636537677736,-87.5309563601438,2
2026-01-06 22:00:15.702419162,41.87370616287922,-87.57338263210698,1
2026-01-06 04:29:37.444814765,41.9224196979784,-87.60035399746037,3
2026-01-06 22:05:45.530154836,41.73157028120737,-87.6068268558169,3
2026-01-06 19:02:50.097165709,41.81997856099301,-87.67252612251274,4
2026-01-06 23:50:27.038262725,41.95894371992493,-87.6219383730284,3
2026-01-06 03:39:21.027757614,41.865308396432965,-87.67433152563984,2
2026-01-06 15:50:19.792417569,41.872790903468875,-87.61641267889563,4
2026-01-06 16:16:27.326860017,41.80725789537016,-87.60317123743701,3
2026-01-06 07:15:34.296290316,41.896819322585316,-87.59188111097431,6
2026-01-07 15:31:47.003359583,41.9438403935753,-87.63638405089782,5
2026-01-07 02:12:04.925870698,41.84163565318132,-87.65466838395015,2
2026-01-07 07:50:13.647206841,41.911603962110114,-87.65229048777385,2
2026-01-07 06:36:13.178211988,41.95021523955931,-87.65984468462541,4
2026-01-07 13:00:35.628619742,41.861258401617974,-87.59261788207105,3
2026-01-07 07:41:30.436368980,41.77270233291113,-87.65166629513587,3
2026-01-07 09:36:05.308946042,41.93748171963606,-87.61763349710486,2
2026-01-07 13:04:08.981936371,41.87803036742783,-87.57063182098236,4
2026-01-07 21:54:14.846566078,41.91302831726858,-87.62368444675765,2
2026-01-07 05:45:55.550259273,41.9052297231646,-87.68713751004408,6
2026-01-07 05:15:09.210999856,41.885592120699364,-87.60512968491905,3
2026-01-07 08:04:01.629280937,41.855276442788764,-87.56186592566925,2
2026-01-07 02:46:36.840055534,41.90085118601738,-87.54309244258441,2
2026-01-07 10:08:49.948732042,41.86663536732239,-87.7253676555833,2
2026-01-07 03:18:42.985498859,42.018560543061476,-87.66499510510425,2
2026-01-07 19:58:50.530217434,41.89972972258631,-87.62608501097921,3
2026-01-07 23:48:32.429277623,41.91076224416406,-87.64640200540515,4
2026-01-07 10:11:40.726304055,41.93941464778245,-87.53504886982111,4
2026-01-07 07:43:01.546945613,41.908017352353745,-87.59862036559922,5
2026-01-07 21:05:51.542562534,41.9524699144843,-87.64610046302124,3
2026-01-07 01:16:02.533560969,41.93478402393784,-87.6514762255002,2
2026-01-07 15:39:15.057198649,41.87825542750929,-87.67478880029708,2
2026-01-07 19:45:17.966299688,41.96666706211339,-87.63570676013848,2
2026-01-07 09:28:03.203149908,41.86494632877719,-87.6709511605706,1
2026-01-07 08:49:46.934995165,41.94252221246592,-87.62609772195698,4
2026-01-07 02:03:48.875049585,41.77802271277807,-87.66239024986336,2
2026-01-07 15:41:05.840939930,41.85888770435597,-87.5686573784055,4
2026-01-07 15:44:44.783153813,41.912990841950005,-87.62316321264528,5
2026-01-07 01:11:13.269449415,41.8653695915117,-87.72023953886638,5
2026-01-07 18:11:23.451538519,41.82063980014059,-87.74428782479352,2
2026-01-07 12:31:33.755874463,41.79808970754783,-87.67551846749862,2
2026-01-07 00:01:32.228977965,41.81207555079215,-87.57851885619186,2
2026-01-07 21:21:58.806301560,41.80928062504611,-87.64877186227487,2
2026-01-07 05:09:51.402927921,41.954688944530055,-87.5693493537408,2
2026-01-07 04:58:03.517792968,41.976124230039154,-87.70347999284935,3
2026-01-07 20:38:48.354969316,41.85379029346505,-87.60458639743153,1
2026-01-08 21:19:14.775144629,41.83412451856706,-87.49290202736344,3
2026-01-08 02:46:04.204252789,41.84242230093149,-87.78890250009516,1
2026-01-08 09:37:49.292905680,41.76561081110242,-87.70152153845788,6
2026-01-08 23:29:13.990032997,41.91453571170372,-87.66439883753402,3
2026-01-08 07:42:21.798121984,41.81889358340509,-87.62460966748472,3
2026-01-08 10:21:23.241918587,41.90900953573327,-87.53668719279266,4
2026-01-08 10:49:30.417616006,41.88149933130256,-87.65452896270742,3
2026-01-08 08:17:51.141617891,41.953939632856965,-87.6776146593578,3
2026-01-08 09:20:17.955875507,41.87617308690783,-87.52542111748414,2
2026-01-08 16:03:17.077736872,41.91788890048721,-87.6566294594398,5
2026-01-08 00:55:30.028741544,41.95494828269589,-87.54283931192583,4
2026-01-08 17:50:34.940649614,41.9591035154568,-87.60797811097943,1
2026-01-08 18:52:46.535159446,41.76956922951023,-87.75064615569192,2
2026-01-08 03:51:14.830207336,41.81178019483408,-87.63119402265103,3
2026-01-08 14:15:45.160787656,41.85837135740653,-87.757551873352,5
2026-01-08 10:11:58.218921551,41.8807740813411,-87.7548641292993,5
2026-01-08 19:04:26.448247278,41.73920028596358,-87.65065140473162,1
2026-01-08 12:29:27.523141488,41.844344302392834,-87.60556275875587,3
2026-01-08 09:02:29.818280389,41.80384722604363,-87.55837518620238,2
2026-01-08 03:21:03.483721076,41.79995578273301,-87.61607379826427,3
2026-01-08 22:44:08.430351037,41.91520144514898,-87.74247932595796,1
2026-01-08 15:38:24.242029583,41.891604771709865,-87.6050817050724,2
2026-01-09 12:49:49.504911393,41.83820586181908,-87.60413221610517,1
2026-01-09 16:56:20.861113587,41.82648014902226,-87.4912093346746,1
2026-01-09 22:27:39.522413757,41.92389651511398,-87.63634870909368,1
2026-01-09 12:50:15.200417115,41.813505886588416,-87.60864236776497,2
2026-01-09 23:15:00.200565642,41.85274473597859,-87.6544203984007,3
2026-01-09 20:48:54.982699302,41.92120000252061,-87.65258119150856,3
2026-01-09 19:05:56.132030426,41.92607952628751,-87.72068528654762,4
2026-01-09 08:40:42.156155078,41.905903763691164,-87.61916431798308,6
2026-01-09 18:43:00.754510567,41.88280915291162,-87.55487453365538,1
2026-01-09 03:46:50.016689830,41.83230882613518,-87.67011472142079,2
2026-01-09 22:28:05.686893712,41.78453909419695,-87.51806094631631,2
2026-01-09 03:41:11.198331262,41.80760902855261,-87.55884815549484,1
2026-01-09 19:12:50.424826220,41.85351721925173,-87.66463908416473,5
2026-01-09 05:25:20.261964010,41.98958659207048,-87.72387582498584,3
2026-01-09 07:41:51.427877578,41.92787451414727,-87.57153165959063,4
2026-01-09 17:19:32.745749895,41.88716571089307,-87.68448661738825,2
2026-01-09 11:56:36.761484368,41.91537494532625,-87.64605568780946,2
2026-01-09 10:07:20.587818538,41.8899474305773,-87.6348069269936,4
2026-01-09 23:33:11.845548259,41.896129583882846,-87.71324112579852,3
2026-01-09 19:43:59.250382504,41.953922005029476,-87.64819393727723,2
2026-01-09 15:54:02.556953239,41.87283879328746,-87.65351464870021,5
2026-01-09 12:08:17.863993772,41.92624802866248,-87.67327666309107,3
2026-01-09 04:45:57.628529105,41.813780333245816,-87.71141550197736,3
2026-01-09 22:56:42.431382755,41.877429210653766,-87.76542488544027,3
2026-01-09 16:59:44.812652003,41.85856611987004,-87.52744883916733,4
2026-01-09 06:33:44.326263744,41.83762568405537,-87.5771164852655,2
2026-01-09 11:32:49.035992336,41.8472853455904,-87.63116111651954,3
2026-01-09 08:39:34.032506473,41.89423987320467,-87.69880512964914,4
2026-01-09 18:02:33.853277539,41.894614497280834,-87.64250402815267,2
2026-01-09 10:31:54.195035688,41.97797570889024,-87.62185920961585,1
2026-01-09 15:25:55.063776647,41.92288026216572,-87.74964800157339,4
2026-01-09 00:22:45.599990027,41.78137346321435,-87.70588083501065,6
2026-01-10 05:24:15.350351519,41.90586801142543,-87.61123650579059,3
2026-01-10 06:26:02.553056495,41.91556114636005,-87.73104086166481,5
2026-01-10 04:04:30.717733961,41.946292516246636,-87.64399952947912,3
2026-01-10 04:12:39.938104433,41.79974708748823,-87.67326055116449,5
2026-01-10 16:15:54.024288866,41.91855606554952,-87.63854862748533,2
2026-01-10 10:19:08.289111364,41.82075839589163,-87.68621327253554,3
2026-01-10 00:06:12.019017687,41.79874508496009,-87.62829227732703,5
2026-01-10 04:59:31.033568410,41.929539045987276,-87.76265124226258,1
2026-01-10 09:29:08.274084768,41.87044870618969,-87.59678785023841,1
2026-01-10 09:50:28.215189455,41.7970543240846,-87.77046059850514,2
2026-01-10 22:09:37.178011510,41.8087778873365,-87.71439818218504,5
2026-01-10 11:14:15.193451925,41.956988410246595,-87.69385562614269,2
2026-01-10 19:06:19.622674875,41.807011817532775,-87.64854132649936,2
2026-01-10 06:06:48.529450149,41.86721576532827,-87.65282805554247,2
2026-01-10 20:19:12.378763912,41.88202993530575,-87.67048429170961,2
2026-01-10 18:47:23.015688436,41.8943006262095,-87.67541140531713,2
2026-01-10 20:49:05.393811295,41.936875328825444,-87.6182547329339,4
2026-01-10 18:44:24.433830445,41.81710621275793,-87.67964619289633,2
2026-01-10 17:59:04.087250794,41.9323257580465,-87.73571321891818,5
2026-01-10 12:07:35.926086123,41.85505693411176,-87.59089635932568,2
2026-01-10 16:16:16.768059891,41.936576907364696,-87.64051931014083,4
2026-01-10 11:22:27.788531929,41.866277679001776,-87.72383062543513,7
2026-01-10 18:54:25.302295198,41.93766948201458,-87.6715727230948,3
2026-01-10 14:33:09.749394622,41.87363397986497,-87.7256831425166,4
2026-01-10 05:17:01.641795558,41.896326251899644,-87.67336090586207,1
2026-01-11 09:30:52.090735519,41.93952104061401,-87.66817020345326,3
2026-01-11 21:15:24.926762162,41.92175283000464,-87.66188868029312,4
2026-01-11 00:39:08.536334191,41.815647001466104,-87.60518727905924,3
2026-01-11 10:47:19.585633072,41.82170234882472,-87.65940408042296,4
2026-01-11 23:20:10.715821462,41.891090392840276,-87.56830469841248,5
2026-01-11 05:04:57.114923489,41.884429835513885,-87.66482082140837,2
2026-01-11 23:45:20.713179301,41.93046576430369,-87.7136611697871,1
2026-01-11 12:31:51.608026832,41.93446773808213,-87.62394376045027,6
2026-01-11 19:07:03.797454952,41.806001063218005,-87.66079064452965,3
2026-01-11 16:27:54.708725309,41.88366752146991,-87.65311799086402,3
2026-01-11 16:32:01.085491936,41.8393674071869,-87.66441978228265,3
2026-01-11 14:55:28.879448535,41.847152672370434,-87.66918225361289,3
2026-01-11 16:38:41.896572292,41.99148221019497,-87.69164302191594,1
2026-01-11 10:43:26.875984582,41.83921970361259,-87.66760495061534,1
2026-01-11 17:49:47.105171738,41.87088578107399,-87.70280310510319,2
2026-01-11 12:41:16.011292556,41.85553077745178,-87.62547894148499,5
2026-01-11 12:22:35.394688298,41.82202844769914,-87.5420586841916,1
2026-01-11 04:20:28.414779828,41.756281216837635,-87.68880495871954,4
2026-01-11 10:22:00.105110441,41.92887576082415,-87.72930013393494,1
2026-01-11 13:40:46.522870524,41.86306177075767,-87.74092971132407,1
2026-01-11 07:49:46.994490974,41.87069637977262,-87.66360828552551,2
2026-01-11 18:08:46.447962390,41.86287866185717,-87.65437893570208,4
2026-01-11 06:00:37.418693635,41.92613671537973,-87.7469689318029,2
2026-01-11 12:41:06.005380627,41.8866088471596,-87.65752762451035,7
2026-01-11 07:42:01.446399405,41.83411787863163,-87.58937233637994,6
2026-01-11 17:58:48.647192062,41.89883081425134,-87.5950803019711,3
2026-01-11 04:31:44.734946498,41.83306539081437,-87.66503924576583,1
2026-01-11 00:30:27.879386972,41.80323134149528,-87.70841780498593,3
2026-01-12 13:57:41.238543632,41.863133104612416,-87.58947314109422,1
2026-01-12 10:40:21.045620128,41.86966741232998,-87.56717539613678,2
2026-01-12 04:17:11.400780230,41.82386946887819,-87.54504921580234,3
2026-01-12 15:50:22.811502086,41.91202619757001,-87.65204669016772,2
2026-01-12 08:37:55.167772795,41.84729036300047,-87.70146192884347,4
2026-01-12 10:32:25.023540992,41.796795775568675,-87.58630871970664,3
2026-01-12 11:24:01.939161976,41.891436808398836,-87.69361358376608,4
2026-01-12 05:21:58.203723690,41.82125387092948,-87.759161382553,1
2026-01-12 04:49:56.494766154,41.8005490293826,-87.60261887462127,3
2026-01-12 18:18:44.867241511,41.90824684718776,-87.63760156368991,3
2026-01-12 20:23:41.786690355,41.85460817457507,-87.60367249984256,3
2026-01-12 17:45:16.130295315,41.93761528517551,-87.81265795392117,3
2026-01-12 23:16:01.221633890,41.82341314691417,-87.56818565522076,4
2026-01-12 11:08:02.885519908,41.827238782944924,-87.57782648794849,2
2026-01-12 20:26:28.796589817,41.83494071688279,-87.55218940189243,3
2026-01-12 02:07:17.957916538,41.844236290799536,-87.67789713044611,5
2026-01-12 11:24:26.405385143,41.84049195659663,-87.6843461733162,1
2026-01-12 10:42:48.052121216,41.880920578358484,-87.61507773946029,4
2026-01-12 21:14:32.034182795,41.81796517070495,-87.64698196815192,1
2026-01-12 01:08:12.984581427,41.84607549640723,-87.64605361762426,2
2026-01-13 14:44:42.959604640,41.917927201526005,-87.64395005462886,2
2026-01-13 00:19:50.363497405,41.81108218959894,-87.58360858641669,1
2026-01-13 12:43:50.117917706,41.95685414138044,-87.60047988853196,3
2026-01-13 02:24:24.831229989,41.838801169603435,-87.6471925369285,3
2026-01-13 14:25:58.606706900,41.89763625130445,-87.59708060428198,1
2026-01-13 10:40:42.622552733,41.88249338185404,-87.60627934375806,5
2026-01-13 10:51:36.685283706,41.899800491172506,-87.6146887350823,3
2026-01-13 01:14:28.736879976,41.9375392057177,-87.59225946570423,4
2026-01-13 10:10:03.802415572,41.95761094028109,-87.62024213297022,2
2026-01-13 20:37:43.460412325,41.901930148366205,-87.62891919160663,3
2026-01-13 07:14:01.015012624,41.80450938243379,-87.59589079727142,5
2026-01-13 16:11:43.821807867,41.85825430793811,-87.62297511079083,3
2026-01-13 08:40:16.224860871,41.89282964212792,-87.57444161663273,3
2026-01-13 00:56:07.818219224,41.82838324457525,-87.5901734460071,3
2026-01-13 19:21:59.980984188,41.81686476111748,-87.5602630250574,3
2026-01-13 12:27:36.049096597,41.85345701155523,-87.7384127992652,5
2026-01-13 22:15:50.549972044,41.86264888174019,-87.64017226494661,2
2026-01-13 05:45:57.509131361,41.86829978510775,-87.65032917344392,1
2026-01-13 09:14:38.492507555,41.86502190494668,-87.62641019848041,2
2026-01-13 18:21:14.977837380,41.89610895840603,-87.63419411905906,8
2026-01-14 23:51:44.857079707,41.91733443580659,-87.577550633778,2
2026-01-14 18:29:04.152431977,41.89093293653562,-87.73266915372977,2
2026-01-14 06:37:19.819952326,41.85249692903405,-87.54574708838122,2
2026-01-14 09:25:32.305045591,41.8976227466027,-87.60001941793956,2
2026-01-14 07:52:02.587067960,41.86513953703425,-87.6260381018058,3
2026-01-14 03:38:35.669738011,41.880310850145015,-87.67834755909647,2
2026-01-14 23:16:28.264410999,41.98842626535702,-87.66122636671248,3
2026-01-14 12:38:06.151830865,41.85919803541343,-87.6103546466608,2
2026-01-14 13:31:57.711659921,41.92041520311539,-87.61065430995859,4
2026-01-14 12:17:37.792703612,41.84212592270108,-87.67145582573488,3
2026-01-14 22:29:21.243609931,41.87492456627809,-87.58591045552355,1
2026-01-14 03:45:03.570217428,41.88931486535908,-87.59374244291801,4
2026-01-14 02:44:11.258131305,41.8309023237639,-87.55173049908088,3
2026-01-14 10:51:31.700289723,41.792638694804495,-87.67410259485263,2
2026-01-14 00:55:48.115044056,41.86311734679723,-87.70279622291737,4
2026-01-14 22:47:47.159224730,41.85942955315881,-87.50253139584198,2
2026-01-14 08:50:24.935787428,41.79107485054861,-87.62875992225092,2
2026-01-14 08:51:11.092095717,41.90554914370385,-87.58623409831323,1
2026-01-14 15:02:48.682213348,41.87994027495485,-87.61941957162087,2
2026-01-14 23:11:19.906831810,41.867342541711444,-87.6786034247408,4
2026-01-14 10:17:54.142494943,41.86338261382364,-87.65716937176693,2
2026-01-14 13:29:17.592695191,41.917619673848314,-87.57102487953064,2
2026-01-14 18:06:34.873525984,41.87879491046663,-87.62912333820289,5
2026-01-14 13:20:54.841643328,41.83839782291506,-87.69577950075066,1
2026-01-14 07:00:55.717352351,41.87383658006699,-87.65930361160805,6
2026-01-14 17:29:00.833300326,41.908440635764755,-87.65208990413248,4
2026-01-14 14:21:21.704835522,41.87883064965342,-87.64082056655273,9
2026-01-15 18:20:16.171015599,41.86835100569402,-87.60114335621459,2
2026-01-15 01:36:26.900334603,41.78578314944398,-87.65712887493129,1
2026-01-15 04:45:17.372858004,41.90966373650608,-87.57529640216397,3
2026-01-15 10:16:53.124600702,41.850773110348584,-87.74884859338775,4
2026-01-15 04:05:15.569212862,41.89625046238573,-87.58795070128474,3
2026-01-15 20:42:04.129955279,41.935174038405165,-87.55763795160783,3
2026-01-15 01:21:03.353441644,41.840599913187575,-87.66024403458403,1
2026-01-15 12:00:57.096633133,41.83359896251182,-87.79556053034042,4
2026-01-15 11:27:48.853691104,41.94265145275921,-87.6141147752362,2
2026-01-15 08:47:52.603886317,41.88089696750662,-87.60003275751468,3
2026-01-15 06:01:13.689839002,41.86458015289523,-87.60463210642881,2
2026-01-15 16:39:09.446475657,41.758930564852136,-87.5987978308811,3
2026-01-15 01:08:02.429277200,41.83299444309095,-87.72295044839801,2
2026-01-15 17:57:13.330864502,41.882333064036644,-87.46375384647807,1
2026-01-15 14:17:04.360023636,41.92029684457767,-87.54103227136888,3
2026-01-15 13:19:34.085559364,41.82960998024425,-87.64038195702936,2
2026-01-15 12:39:47.781556227,41.89485985384408,-87.62186103147361,8
2026-01-15 21:36:24.027806771,41.87675200553267,-87.62816638174925,4
2026-01-15 18:08:48.837961801,41.85341125542141,-87.63243333028507,12
2026-01-15 09:42:09.485826950,41.86058731602296,-87.62941045379952,5
2026-01-15 06:33:20.725118684,41.8803368762442,-87.63116945082677,8
2026-01-15 14:14:34.621951773,41.884681186791234,-87.67558293292095,6
2026-01-16 03:25:55.839474599,41.90891176982767,-87.76942598781672,4
2026-01-16 02:32:16.811876674,41.934789463628206,-87.50338691600331,3
2026-01-16 14:36:28.202626954,41.92947905352769,-87.69089893194167,4
2026-01-16 22:09:33.352438280,41.82894490361709,-87.61321513814478,1
2026-01-16 19:40:00.545279056,41.88160565793667,-87.59552955602254,2
2026-01-16 22:34:06.362043298,42.00828131493753,-87.65236625143358,5
2026-01-16 02:52:00.344864239,41.83672078796327,-87.6544320392809,3
2026-01-16 05:26:26.763525431,41.78227012662409,-87.70536478400237,2
2026-01-16 08:50:03.258614107,41.842962252008945,-87.67624515309893,2
2026-01-16 19:53:53.167200222,41.8789064707638,-87.65746157683485,3
2026-01-16 22:59:39.198839480,41.87992403778072,-87.75169717411978,3
2026-01-16 12:14:01.074613324,41.8340380776282,-87.6167535750818,2
2026-01-16 12:39:39.877156556,41.88345525150048,-87.57892247539218,2
2026-01-16 07:03:18.184687882,41.877987487774796,-87.5808810356697,2
2026-01-16 00:36:03.473539647,41.93263299680441,-87.49716154735641,4
2026-01-16 14:49:26.641391834,41.89054567993375,-87.56927989864272,1
2026-01-16 00:59:24.262008567,41.92407118383235,-87.53849797283578,3
2026-01-16 13:22:55.214125799,41.963438382020954,-87.61682771942064,2
2026-01-16 22:13:42.141758148,41.87864914462912,-87.54364035893394,5
2026-01-16 04:40:15.877482665,41.8674101569075,-87.73782872150406,1
2026-01-16 10:49:34.189893457,41.87459935705937,-87.65208506416492,2
2026-01-16 07:05:21.764662931,41.90520976428622,-87.61511908447076,3
2026-01-16 10:57:42.819697785,41.83483285839491,-87.72711550760981,5
2026-01-16 05:34:52.515475080,41.87582209366228,-87.65902681364891,2
2026-01-16 11:51:44.044716544,41.90308940521479,-87.73054662565742,5
2026-01-16 13:42:32.819732812,41.920078404538714,-87.54369962932067,6
2026-01-16 17:11:56.206181239,41.92409487738969,-87.63040095751299,9
2026-01-16 13:34:16.255166266,41.888695600365914,-87.63490287138265,14
2026-01-16 13:47:44.511179145,41.905574348934756,-87.6481567420653,8
2026-01-17 19:37:40.970780378,41.84795108437165,-87.65333356077522,4
2026-01-17 13:59:03.764693537,41.96096880601163,-87.67087336145079,3
2026-01-17 12:16:02.821160347,41.87034334344097,-87.54861558534748,3
2026-01-17 19:40:18.470167838,41.828787994474176,-87.633141103159,4
2026-01-17 19:29:42.456175032,41.86163953008205,-87.64263718863165,4
2026-01-17 15:25:38.245238421,41.830258164356025,-87.54297647823813,3
2026-01-17 20:39:12.691175641,41.997733836150914,-87.6932432046798,2
2026-01-17 13:21:20.398220132,41.83675954473035,-87.63104238184637,2
2026-01-17 17:46:46.436013331,41.869102995605836,-87.60281108040661,3
2026-01-17 07:10:12.783701795,41.856971950860064,-87.62267220760583,3
2026-01-17 04:21:23.596540677,41.91265312829335,-87.5436413125119,2
2026-01-17 20:15:56.904263905,41.89637436725193,-87.5358532281278,2
2026-01-17 04:28:47.605759285,41.939743187165455,-87.64309577019989,3
2026-01-17 21:10:11.514095452,41.79027616396269,-87.64418626077362,4
2026-01-17 07:34:42.050885902,41.85981416071769,-87.54585181709824,6
2026-01-17 19:11:17.889134054,41.91986884969511,-87.55863144987288,5
2026-01-17 06:14:01.730580285,41.87556859434715,-87.58740804922613,4
2026-01-17 15:18:25.059467627,41.886195968364255,-87.5674378573049,1
2026-01-17 20:03:38.560717666,41.94259648493092,-87.73387668981623,5
2026-01-17 16:18:27.522857500,41.81487848194114,-87.69997660014873,5
2026-01-17 14:18:02.126943157,41.866342467669284,-87.48230538365581,2
2026-01-17 03:58:41.054607179,41.836523861366686,-87.73638205833078,3
2026-01-17 00:40:44.455207133,41.8697612132999,-87.58481406678051,1
2026-01-17 16:17:58.159833120,41.797146408994095,-87.62296748835148,4
2026-01-17 08:55:15.852849271,41.881869941447114,-87.65041064985786,9
2026-01-17 01:32:27.644775256,41.89833868046949,-87.64695700662027,6
2026-01-17 09:56:46.516223743,41.8914170498773,-87.63983796872716,10
2026-01-17 13:21:59.073512842,41.886137182016355,-87.63139956294741,4
2026-01-18 05:59:20.962401105,41.96440661873348,-87.74473390986815,1
2026-01-18 12:41:49.003597440,41.84961118706942,-87.66785985961154,2
2026-01-18 13:11:31.781696301,41.87846035301882,-87.66191533399784,1
2026-01-18 22:35:34.100269749,41.915743608357445,-87.57920954139864,2
2026-01-18 14:38:49.051827212,41.826539896578026,-87.62924960510908,3
2026-01-18 10:04:55.220042161,42.0027963502864,-87.6847135432692,3
2026-01-18 15:34:14.151695971,41.872723312786704,-87.59654019972206,3
2026-01-18 12:48:04.674023801,41.932903211652864,-87.59497624210849,4
2026-01-18 20:30:19.537141838,41.91740996343265,-87.57124095698236,2
2026-01-18 03:51:54.346995642,41.89026994582003,-87.67911350629258,2
2026-01-18 16:44:05.190373245,41.86111974871967,-87.68318741957783,4
2026-01-18 02:03:40.568495406,41.815230876250936,-87.5991916770632,5
2026-01-18 06:48:23.139325921,41.78334770750261,-87.62278118595857,4
2026-01-18 18:38:25.901636578,41.89337900959513,-87.57617207524387,4
2026-01-18 00:17:00.305218665,41.88518283486955,-87.65363165859503,3
2026-01-18 14:12:44.243438889,41.844941312468166,-87.66953468915948,1
2026-01-18 13:46:20.234094925,41.882030883476595,-87.6815680011744,2
2026-01-18 22:20:03.345003764,41.92916111446096,-87.66202581937397,2
2026-01-18 02:23:17.633143575,41.879101864543316,-87.70174702756871,6
2026-01-18 13:10:23.887690167,41.95689601442727,-87.51994274267462,2
2026-01-18 13:30:44.129671461,41.88931446997085,-87.70617714572438,4
2026-01-18 19:54:04.706599949,41.81057892909723,-87.64849836603699,3
2026-01-18 18:35:09.700896374,41.84033902902915,-87.79417198733738,2
2026-01-18 18:01:12.259208910,41.84056376908675,-87.53124038239383,1
2026-01-18 22:45:19.959942081,41.8634298454468,-87.63772607276879,4
2026-01-18 17:48:57.541379380,41.81961619994878,-87.58450828645157,2
2026-01-18 06:24:23.067268219,41.77169152290071,-87.69088705669112,2
2026-01-18 06:05:36.189996494,41.97564717413434,-87.70594537689159,3
2026-01-18 04:25:24.384180563,41.79810253329578,-87.54520562696351,3
2026-01-18 15:25:14.236713569,41.87543485655045,-87.63164462993564,6
2026-01-18 15:33:45.921938772,41.847595056697145,-87.4918201558231,2
2026-01-18 05:10:25.309372530,41.89106438207675,-87.70908184429872,3
2026-01-18 21:11:14.726297291,41.88919913888382,-87.54677677832842,2
2026-01-18 17:33:32.574133172,41.997611135532594,-87.65892377217484,2
2026-01-18 15:49:24.746527181,41.908735340453106,-87.62968461722323,9
2026-01-19 01:08:21.710178219,41.92746236764918,-87.66380278151861,8
2026-01-19 22:52:36.806117547,41.83999020344814,-87.6400245794341,2
2026-01-19 15:30:51.296088235,41.81018683025707,-87.68025694832023,4
2026-01-19 17:04:04.465763975,41.932679180968876,-87.60059088717105,2
2026-01-19 16:09:35.565759528,41.87450007037801,-87.55421764882718,2
2026-01-19 07:57:00.091610898,41.8881425148638,-87.65221083983086,2
2026-01-19 03:05:35.007763529,41.949277973613256,-87.57004847653766,2
2026-01-19 01:01:51.539005255,41.85554123213803,-87.69809960361766,3
2026-01-19 18:38:44.769548270,41.93702254251592,-87.61784571752504,2
2026-01-19 19:50:53.492462131,41.87830664413275,-87.61441048129339,3
2026-01-19 00:01:11.246894516,41.88848752988071,-87.72406586455423,3
2026-01-19 04:28:02.388354606,41.79183228689962,-87.70532838758106,1
2026-01-19 21:59:04.668417523,41.8226598512531,-87.6160323781325,1
2026-01-19 14:25:09.542420578,41.91506630128375,-87.69950400153607,3
2026-01-19 14:29:57.195330754,41.844846913981925,-87.57355738198483,2
2026-01-19 20:48:29.283914010,41.94452394053959,-87.66918916640913,4
2026-01-19 11:47:46.738151765,41.930732220880785,-87.63404293550347,3
2026-01-19 17:26:53.742275061,41.837451298767995,-87.61569280341091,1
2026-01-19 00:38:40.339126443,41.91707647103858,-87.61256255433783,2
2026-01-19 03:42:11.841297639,41.83689346393303,-87.70472455664246,4
2026-01-19 01:30:06.144409108,41.90593083328388,-87.63236098577366,6
2026-01-19 03:30:52.085481723,41.8517746651742,-87.69729576130614,4
2026-01-19 06:34:54.814242844,42.02968812075554,-87.64345176492179,2
2026-01-19 19:23:16.849798622,41.91988074639431,-87.63663498358319,2
2026-01-19 12:26:21.489433022,41.83265011527432,-87.60469005552697,4
2026-01-19 22:53:54.955311648,41.80525072896094,-87.67169328758396,1
2026-01-19 02:45:21.715870920,41.90583982608627,-87.58920312689341,5
2026-01-19 11:44:07.484525745,41.9313104744429,-87.58848329794127,6
2026-01-19 07:24:35.869406659,41.89710116495243,-87.68902330927222,1
2026-01-19 23:01:56.457336644,41.87528350948798,-87.65084853528911,7
2026-01-19 06:36:54.868413603,41.870473303938795,-87.64309668637615,9
2026-01-20 10:24:03.506382092,41.88016030333908,-87.63349094077628,2
2026-01-20 18:09:03.820755178,41.90141643860852,-87.70881550441798,4
2026-01-20 22:37:12.800350831,41.79502475401308,-87.74044722707005,1
2026-01-20 01:29:06.905215009,41.832371186083634,-87.63356480103812,3
2026-01-20 22:24:04.754031402,41.85565611898598,-87.53920775901278,1
2026-01-20 17:41:56.582464572,41.85386346192255,-87.597052374409,3
2026-01-20 10:25:00.677201345,41.93378298533707,-87.6809615868781,2
2026-01-20 05:21:10.321459052,41.894947833803016,-87.68042859871149,5
2026-01-20 05:49:27.037311314,41.92640648405021,-87.65202223657967,1
2026-01-20 08:09:48.005598684,41.96031508551169,-87.68239388945099,4
2026-01-20 12:04:18.789879728,41.85357689196532,-87.6060914308581,1
2026-01-20 02:47:10.980202694,41.862447885703695,-87.67890985614463,4
2026-01-20 11:32:04.630429776,41.821500677996156,-87.57213439083279,3
2026-01-20 14:02:36.771789808,41.91653018827482,-87.66323023162319,2
2026-01-20 10:35:06.018403953,41.81015613770385,-87.56540453009265,4
2026-01-20 10:11:02.667458948,41.905797675299766,-87.66477963301985,3
2026-01-20 20:47:26.226823140,41.88567703978827,-87.59678477541799,3
2026-01-20 02:38:38.691897169,41.906311819302225,-87.62705273891945,4
2026-01-20 02:25:10.103042073,41.885302690916376,-87.63751726806974,9
2026-01-20 18:52:58.371918744,41.88403774997606,-87.63915691520366,5
2026-01-20 21:04:59.994226213,41.90146171608253,-87.6146867044077,7
2026-01-20 07:44:10.069970615,41.89630484244664,-87.62761493570045,7
2026-01-20 21:05:42.910574189,41.88916081851932,-87.67388820816366,4
2026-01-20 00:50:31.842175730,41.885752550066705,-87.63545347172574,6
2026-01-20 06:55:00.419623728,41.89937817895869,-87.64418831378818,7
2026-01-21 10:43:51.647541067,41.80063714118279,-87.66045007354319,3
2026-01-21 10:36:41.635364932,41.90728932726465,-87.59373448975515,6
2026-01-21 11:57:39.560862683,41.93069274302638,-87.72074151529081,6
2026-01-21 19:35:33.251070551,41.800815486470995,-87.63222054319205,3
2026-01-21 00:00:55.495039669,41.8228082408924,-87.6258680451502,4
2026-01-21 23:01:03.936410110,41.872333250259636,-87.56594126882517,5
2026-01-21 13:02:25.562465412,41.91772537058363,-87.72610335874023,5
2026-01-21 09:08:33.246071401,41.883108481899676,-87.64684594032165,2
2026-01-21 03:41:04.844605456,41.88129888556845,-87.65220657798098,1
2026-01-21 00:23:44.844775668,41.85703313626772,-87.5710844281801,1
2026-01-21 14:12:44.088037785,41.79903446092445,-87.58754857929262,3
2026-01-21 07:55:14.103256684,41.88991621410141,-87.68638959546216,4
2026-01-21 20:26:49.779075977,41.809041803425465,-87.60031284460362,2
2026-01-21 19:10:42.883545210,41.949153796903495,-87.57361597497912,3
2026-01-21 21:42:29.348676240,41.8126452473806,-87.59315547065223,4
2026-01-21 18:17:12.322627944,41.92256731268862,-87.57131489109481,5
2026-01-21 19:40:57.049949311,41.86623701404513,-87.70254209758359,3
2026-01-21 18:22:39.858889301,41.876010138606226,-87.56959142254735,1
2026-01-21 18:42:16.491869493,41.90783451056851,-87.64441168250349,5
2026-01-21 01:03:55.926453074,41.90048575150475,-87.59704726973565,3
2026-01-21 03:07:14.159569546,41.931886148374716,-87.6083946225815,2
2026-01-21 03:26:12.198141005,41.87872892511759,-87.5903908883968,2
2026-01-21 14:45:38.106596451,41.79881983126999,-87.68502734537496,3
2026-01-21 07:41:38.462995671,41.872491804994475,-87.53612880800941,3
2026-01-21 20:03:08.326434037,41.81131397453478,-87.57354862469502,2
2026-01-21 02:33:11.982212272,41.8869524673755,-87.60867982276375,4
2026-01-21 19:43:51.796465314,41.93054764331808,-87.6754518847029,3
2026-01-21 19:34:48.001900218,41.79289501871763,-87.57418864518542,3
2026-01-21 05:55:46.639541054,41.83678284115856,-87.586736463475,3
2026-01-21 10:04:31.632475219,41.90177431433032,-87.6345510538113,8
2026-01-21 13:42:58.965236231,41.92081817641931,-87.63882324803834,9
2026-01-21 08:21:08.324467580,41.8967221321694,-87.64564892084535,6
2026-01-21 13:01:15.807738506,41.86915714971673,-87.61812743788781,4
2026-01-21 10:19:14.295617373,41.88941634947821,-87.63032330968508,3
2026-01-22 03:40:27.872469411,41.921187924710175,-87.55830438314905,1
2026-01-22 19:58:36.453371376,41.86482297626854,-87.61010356227514,7
2026-01-22 10:21:09.469688098,41.909640008207305,-87.58618762817822,5
2026-01-22 22:28:14.461778323,41.944918972893845,-87.61555971377237,4
2026-01-22 23:23:56.777489413,41.864400411755156,-87.71843846525904,2
2026-01-22 04:32:06.177196580,41.88068258572237,-87.5440280815259,3
2026-01-22 17:12:30.482446713,41.89549672385914,-87.64377104296693,1
2026-01-22 02:02:11.769523146,41.87831538211716,-87.62890684748754,2
2026-01-22 06:16:46.984710686,41.86965787073986,-87.72471715104628,3
2026-01-22 02:07:16.916340071,41.90249416710098,-87.59819811747373,3
2026-01-22 15:08:07.859842107,41.82573956199615,-87.5931495381318,4
2026-01-22 18:11:33.021584186,41.855685511317795,-87.69281032718085,6
2026-01-22 22:16:06.950680002,41.781162368649824,-87.70913718375401,4
2026-01-22 07:47:40.182314019,41.81676156327242,-87.6328284443669,3
2026-01-22 06:33:49.597883235,41.86649371547524,-87.64051431807363,5
2026-01-22 00:29:00.482337306,41.88213038878103,-87.676707413784,2
2026-01-22 13:32:15.805155133,41.900864921920835,-87.61294873907647,5
2026-01-22 16:27:35.750674698,41.88952303408662,-87.59185742844606,3
2026-01-22 17:21:01.497486981,42.02036471974539,-87.6522877044874,3
2026-01-22 14:54:07.638310806,41.84445144911363,-87.65824482840199,4
2026-01-22 16:27:15.168882635,41.859766060317476,-87.72980547597942,2
2026-01-22 15:39:47.063445808,41.86399854761051,-87.66770894134497,3
2026-01-22 10:10:35.077280762,41.868158419851056,-87.70611131107006,3
2026-01-22 19:18:10.817211745,41.89325241414664,-87.59438076562083,3
2026-01-22 11:16:45.010052345,41.92447728886568,-87.58477458673579,1
2026-01-22 13:31:52.829588731,41.899118106292136,-87.59703464615012,3
2026-01-22 02:40:35.444119133,41.87454165055735,-87.74294569663427,3
2026-01-22 22:52:13.047510087,41.96934395089036,-87.70273938210832,2
2026-01-22 23:41:07.486299283,41.85345655260878,-87.658413041382,6
2026-01-22 15:55:10.440137801,41.825328310952216,-87.57944791869086,2
2026-01-22 03:12:14.040151935,41.86706719633794,-87.61173320997396,4
2026-01-22 16:02:37.906684023,41.89826881212634,-87.6137475828324,4
2026-01-22 21:50:18.571740068,41.89346514965883,-87.63647065436245,9
2026-01-22 15:34:42.378169768,41.887456204412544,-87.66074107255449,5
2026-01-22 21:09:40.558170940,41.93109256199663,-87.62700450647523,5
2026-01-22 09:30:11.574987007,41.8619176674635,-87.65723738935807,11
2026-01-22 10:22:12.612597267,41.89844286880274,-87.6397369464749,6
2026-01-22 04:51:19.464667957,41.89479331010085,-87.65952734128332,4
2026-01-22 01:43:26.532744983,41.878665299253626,-87.63915784989634,7
2026-01-22 02:17:08.183928915,41.899412408450075,-87.6639774779802,8
2026-01-22 11:53:13.973255736,41.92669476788365,-87.66392312896023,7
2026-01-22 13:33:48.796936924,41.886338369222166,-87.64474548134743,5
2026-01-22 21:39:24.761110735,41.8999874964671,-87.63981229360867,6
2026-01-23 13:06:26.452229843,41.93808648901721,-87.6016163596159,3
2026-01-23 18:05:02.448681700,41.83620883706112,-87.58761847245728,4
2026-01-23 05:47:44.701989919,41.876095254394784,-87.67341966234444,2
2026-01-23 20:23:30.382291340,41.879398105671676,-87.74996882431155,5
2026-01-23 14:04:02.232927027,41.90394952360806,-87.65710704004232,5
2026-01-23 09:25:42.917255140,41.799914744072844,-87.61663583981476,4
2026-01-23 09:45:30.079615849,41.86540812194373,-87.58513998467502,2
2026-01-23 08:52:02.298390060,41.860223494572274,-87.71186523392782,2
2026-01-23 14:48:30.779437872,41.90009619833439,-87.55800232786078,4
2026-01-23 18:21:19.838737944,41.90819478243033,-87.67052729043053,1
2026-01-23 14:11:09.106104811,41.84561981452026,-87.70499831574071,2
2026-01-23 07:20:24.337571645,41.990041583320725,-87.54401275285178,4
2026-01-23 19:51:56.793875905,41.89618002609218,-87.6144124653485,5
2026-01-23 20:45:51.850493672,41.86205100798082,-87.62948881308046,3
2026-01-23 12:27:01.778389889,41.83373049889988,-87.68768430658068,6
2026-01-23 12:13:23.547062624,41.90784762290885,-87.67327442969128,5
2026-01-23 00:48:12.980361349,41.87054158096548,-87.63168128204059,5
2026-01-23 16:34:11.260598501,41.881150742770714,-87.57643519260853,2
2026-01-23 10:30:45.513901791,41.90670478617993,-87.60725618214326,2
2026-01-23 21:47:04.926065719,41.913773023122225,-87.59447586262714,1
2026-01-23 06:43:31.881400072,41.93127544642258,-87.66892447416417,2
2026-01-23 09:41:58.951876987,41.8368946750368,-87.6342857538048,3
2026-01-23 14:40:56.094624350,41.87008535285885,-87.54484514352536,6
2026-01-23 16:47:10.208571847,41.92113087611685,-87.62512859654396,3
2026-01-23 03:12:50.311611667,41.79228756612578,-87.65627886963374,2
2026-01-23 17:22:05.808280053,41.83983222424399,-87.70089791249706,1
2026-01-23 21:13:50.304228984,41.90561725507025,-87.58073730362423,3
2026-01-23 16:46:56.997898804,41.90914706324171,-87.61796854383019,5
2026-01-23 23:25:17.292773106,41.88086864614532,-87.62309585285182,5
2026-01-23 05:14:30.739181528,41.89535068958554,-87.62879729784049,3
2026-01-23 17:34:32.311675299,41.875341306533024,-87.6247423397857,5
2026-01-24 12:12:39.727190028,41.893366414367435,-87.63856684189568,6
2026-01-24 04:41:54.666430920,41.97782142473406,-87.63677195706158,2
2026-01-24 12:44:17.353127276,41.89690347981604,-87.68013136657075,2
2026-01-24 11:09:50.526936303,41.94500980664694,-87.56665461923205,1
2026-01-24 12:17:01.454401371,41.81170337430033,-87.59780487872717,5
2026-01-24 01:00:34.540593384,41.90328251437621,-87.56610887377518,7
2026-01-24 08:31:43.486952468,41.89493118533137,-87.75579411914352,3
2026-01-24 05:11:36.036270209,41.99589105907991,-87.63153650393889,3
2026-01-24 01:33:59.953058956,41.9841837492533,-87.56960764782293,1
2026-01-24 12:47:34.708253541,41.82793413048192,-87.55314818849558,4
2026-01-24 03:00:54.003935662,41.83764503664026,-87.74915005427783,4
2026-01-24 19:40:25.409880395,41.9224853128392,-87.56247231880991,5
2026-01-24 14:50:41.876433876,41.88065100197486,-87.54701006021475,6
2026-01-24 17:47:41.004089178,41.81847590366088,-87.67116071513304,2
2026-01-24 22:33:11.829429169,41.84468126583503,-87.57550488887837,1
2026-01-24 00:26:15.164706248,41.83005018290379,-87.54533447168475,2
2026-01-24 02:59:26.325952472,41.88940540050222,-87.63452414753436,2
2026-01-24 01:38:25.257730182,41.822041066794355,-87.68071149852116,7
2026-01-24 17:48:02.047539898,41.86471445864763,-87.65580561908689,5
2026-01-24 11:24:28.810199518,41.95365682831796,-87.65196732026943,4
2026-01-24 02:51:06.699651439,41.84454256024347,-87.6584561376,2
2026-01-24 17:21:58.601399283,41.86889435339415,-87.70607494959475,2
2026-01-24 12:31:40.574240751,41.897786249965726,-87.65301379303908,1
2026-01-24 03:42:06.648949014,41.859185739131796,-87.68730754634171,4
2026-01-24 15:40:53.345237440,41.962715757805896,-87.672647865532,3
2026-01-24 18:40:45.344186491,41.79940705347321,-87.6817418908529,3
2026-01-24 06:33:18.709569216,41.84512511519134,-87.52914583300748,1
2026-01-24 08:54:38.634120745,41.93290711831777,-87.67314162153204,4
2026-01-24 18:36:20.152989493,41.89491241231762,-87.77248323776504,2
2026-01-24 05:41:04.756110197,41.88921081860417,-87.63080433685344,7
2026-01-24 07:33:09.031388186,41.88336290585725,-87.62432403001344,10
2026-01-25 20:12:49.730220388,41.874044642172535,-87.65888802397014,2
2026-01-25 03:34:31.684009110,41.7653412220763,-87.6053722118075,3
2026-01-25 23:15:52.175983557,41.80487338158432,-87.69143383580126,4
2026-01-25 23:48:19.755538237,41.89572312485944,-87.60946032937152,2
2026-01-25 11:53:44.503403382,41.92653702659618,-87.60290141765462,3
2026-01-25 15:15:43.424512351,41.84860593342231,-87.69797817177356,4
2026-01-25 06:55:16.611174984,41.85447798939638,-87.70926293248462,4
2026-01-25 06:30:47.934676083,41.8590783619509,-87.64680059042246,3
2026-01-25 10:55:13.880114387,41.942147210439025,-87.69432518539713,4
2026-01-25 09:32:21.760830872,41.82739654035574,-87.70579577618385,1
2026-01-25 21:03:29.699644295,41.84381965038209,-87.5369746308321,4
2026-01-25 07:09:54.050292184,41.793218884524094,-87.54409970162416,2
2026-01-25 09:55:52.303573990,41.869857780921016,-87.6818111415954,1
2026-01-25 13:13:05.568286355,41.89645267633405,-87.54830895117371,5
2026-01-25 15:59:21.163082384,41.886632597087505,-87.71323074601784,4
2026-01-25 00:42:40.194948360,41.89699813130171,-87.51532309039919,1
2026-01-25 23:31:13.092523244,41.91900350466373,-87.71365983285672,2
2026-01-25 16:23:55.099494350,41.87624196075331,-87.69101579752711,2
2026-01-25 13:17:25.044944515,41.86983645404475,-87.63390794117942,9
2026-01-25 11:44:29.391405215,41.90479261071836,-87.63192253219539,7
2026-01-25 23:28:22.892771047,41.87982475181738,-87.63231107509853,14
2026-01-25 23:21:29.317544437,41.87644776194164,-87.65102894892641,11
2026-01-26 03:15:52.771267086,41.827697606456304,-87.68482495313262,2
2026-01-26 22:31:35.961954808,41.941711943088606,-87.6747213324022,2
2026-01-26 14:56:54.323449973,41.87011936662397,-87.64713435285117,1
2026-01-26 06:33:01.473991182,41.917367157876576,-87.69317469955992,2
2026-01-26 08:10:07.430431272,41.930062680481704,-87.70103938654374,3
2026-01-26 00:01:20.015621593,41.92352934008066,-87.61239200037468,2
2026-01-26 07:26:24.210117363,41.896416848446705,-87.68467330280764,4
2026-01-26 02:59:12.380497297,41.785460109246756,-87.68780761126996,2
2026-01-26 13:46:59.285680223,41.862909660673665,-87.55523017696791,2
2026-01-26 13:54:07.562525288,41.844222999354656,-87.67110712705626,3
2026-01-26 03:46:49.523740782,41.90121928294252,-87.58231006407492,3
2026-01-26 02:40:21.933648761,41.84139632659283,-87.61069131599221,3
2026-01-26 18:14:30.201925361,41.887044585585265,-87.59127082286204,3
2026-01-26 05:52:10.229659899,41.96020808459652,-87.6111176122527,4
2026-01-26 11:29:01.833055424,41.8542439548991,-87.58414326844714,3
2026-01-26 03:12:48.015594015,41.86333916464397,-87.60174311040595,4
2026-01-26 08:18:49.542852188,41.92052580526943,-87.53704621121328,2
2026-01-26 08:16:27.799158658,41.896277923253066,-87.58437289787953,4
2026-01-26 13:02:00.962440245,41.915230247961766,-87.62715166620006,2
2026-01-26 08:04:42.847700060,41.88758202495112,-87.69327257587186,1
2026-01-26 21:59:13.777835426,41.85649441197735,-87.62394440434889,3
2026-01-26 03:08:56.108605843,41.96104485838057,-87.79854081961037,4
2026-01-26 01:43:05.142905925,41.88147272830339,-87.57903248524566,3
2026-01-26 04:43:12.532191308,41.84318736515686,-87.69180024975934,3
2026-01-26 23:44:47.607938857,41.89376182636874,-87.70176410954944,4
2026-01-26 10:31:18.372621804,41.847422872035544,-87.57694459220805,4
2026-01-26 17:01:33.275861298,41.88660121571273,-87.64397497795743,2
2026-01-26 10:43:04.611375222,41.85569686329289,-87.62107041717789,1
2026-01-26 06:36:57.493479211,41.88162481145106,-87.66706070528845,2
2026-01-26 03:17:02.266137941,41.90644853297919,-87.67147956120273,7
2026-01-26 06:34:53.456654528,41.85579371958236,-87.59630688546716,1
2026-01-26 05:40:22.673459336,41.87936561468431,-87.65924721703905,11
2026-01-26 14:14:48.179729872,41.89011983963362,-87.62810729322223,11
2026-01-26 02:57:04.674755409,41.87675701728179,-87.64875285068186,5
2026-01-26 18:36:36.672710919,41.8764028907579,-87.64076269925664,8
2026-01-26 06:41:20.559600067,41.92362756700017,-87.67361056391496,7
2026-01-26 10:24:07.466875934,41.888428200195285,-87.64117559542188,8
2026-01-26 14:27:50.205071218,41.868557526424546,-87.6132257781568,9
2026-01-26 16:36:28.226855794,41.89552015054742,-87.65483793657447,9
2026-01-26 16:22:47.074310578,41.87724963748432,-87.65958973559181,11
2026-01-27 22:05:22.600863749,41.87328932585359,-87.56132404182938,4
2026-01-27 08:11:32.927037277,41.85679572148845,-87.6282842301341,3
2026-01-27 18:54:05.405403430,41.81168023972685,-87.51118147791321,4
2026-01-27 17:23:04.712194418,41.877228305152556,-87.63218573388569,2
2026-01-27 14:17:06.635487838,41.87073558432328,-87.59496264283318,2
2026-01-27 17:48:13.326932700,41.951586188225434,-87.66494881641016,6
2026-01-27 20:36:29.357609805,41.78073474171551,-87.6950501271857,2
2026-01-27 03:49:03.799617096,41.77736427595333,-87.69087932342606,2
2026-01-27 08:53:26.844679502,41.82796107218605,-87.7219650975427,2
2026-01-27 07:36:32.391035376,41.923218370856766,-87.591963258251,3
2026-01-27 19:29:06.561661164,41.979956394847996,-87.73552001422021,3
2026-01-27 03:51:17.807743543,41.85164807512162,-87.64319738332324,2
2026-01-27 22:03:55.894265373,41.9035187662509,-87.68202242045747,2
2026-01-27 05:21:54.210312509,41.985773396358546,-87.62405827734423,4
2026-01-27 15:54:36.953328437,41.85588452739022,-87.57358186026465,3
2026-01-27 10:33:00.349226035,41.89170005534416,-87.66749919912331,1
2026-01-27 12:45:45.692059790,41.86066136593994,-87.61623642465388,3
2026-01-27 12:09:25.468847107,41.80473790032566,-87.69592822175582,2
2026-01-27 05:46:40.191184490,41.88857733089608,-87.65163110686015,8
2026-01-27 13:24:19.935368747,41.884937853953105,-87.6275809259883,9
2026-01-27 07:14:57.228813529,41.91597143126548,-87.63195547851687,7
2026-01-27 23:37:24.730617950,41.88603371930913,-87.65135364809147,9
2026-01-27 22:23:37.700863737,41.90684653165391,-87.60902463613449,7
2026-01-27 00:32:49.941390477,41.88025591551098,-87.6381124591717,15
2026-01-27 22:14:00.237191817,41.86432690937225,-87.61149189616849,10
2026-01-27 10:32:51.224632416,41.9061621781408,-87.64514883642755,8
2026-01-27 00:57:26.116074415,41.86522711007141,-87.63362973320191,8
2026-01-27 11:22:27.916097582,41.87599089321031,-87.64765661273361,12
2026-01-27 07:14:32.867392084,41.90230898942497,-87.62121934654452,4
2026-01-27 17:11:39.826385310,41.865228972513655,-87.65686210777247,8
2026-01-27 12:06:03.770065054,41.842668015731306,-87.66028722653638,2
2026-01-27 16:10:24.195740819,41.83509028314192,-87.68701649920558,2
2026-01-28 16:11:53.701510032,41.922645490746476,-87.67041942085673,1
2026-01-28 13:01:44.338491435,41.8756578207133,-87.51497283759589,3
2026-01-28 04:04:58.748645192,41.88159792947057,-87.57892890242199,2
2026-01-28 01:45:22.811666194,41.88308551881621,-87.64304912713303,2
2026-01-28 00:54:31.632477966,41.841402560419304,-87.71597436509877,5
2026-01-28 13:27:38.439901703,41.865462115473285,-87.56525766251042,1
2026-01-28 00:06:24.395743485,41.82699563770117,-87.68246536393171,3
2026-01-28 17:05:58.382916852,41.83727281869017,-87.57639837053541,4
2026-01-28 10:30:09.667352596,41.878628760276456,-87.58207867517241,1
2026-01-28 06:16:16.164568487,41.91826571118121,-87.64179124372608,2
2026-01-28 02:28:13.933664895,41.806968567562514,-87.64948417740554,2
2026-01-28 06:11:41.697569721,41.902091951845115,-87.54740950492669,1
2026-01-28 04:39:21.603844190,41.831270109119494,-87.62908422800821,4
2026-01-28 01:11:37.429341020,41.90116750559929,-87.66467910891791,3
2026-01-28 18:09:18.916481278,41.93204943200712,-87.73070834539766,7
2026-01-28 22:58:55.986314376,41.94581502327529,-87.59011129632127,2
2026-01-28 02:41:41.530254740,41.846893947246855,-87.75683459872724,2
2026-01-28 10:45:38.110233178,41.88693938188816,-87.68411050340461,3
2026-01-28 06:17:41.956286105,41.989689307274624,-87.58621620920806,4
2026-01-28 15:10:24.632004430,41.983881491503126,-87.5461888294234,4
2026-01-28 06:01:18.877061501,42.02791195476991,-87.69443367246849,2
2026-01-28 22:01:50.232140215,41.91573783835946,-87.62318916533312,3
2026-01-28 15:13:13.429810143,41.906610045195606,-87.54504352596183,1
2026-01-28 14:27:16.547502049,41.819512082405836,-87.66580031648267,2
2026-01-28 03:51:35.397703401,41.831313340040786,-87.70109192134723,4
2026-01-28 08:09:08.673880565,41.81130413453043,-87.60701486869009,4
2026-01-28 17:21:42.581073236,41.83896330442014,-87.55801009130883,3
2026-01-28 15:37:21.554983642,41.94579177733966,-87.60627627300498,4
2026-01-28 19:39:28.411869374,41.86251260455477,-87.5777274339961,3
2026-01-28 21:13:40.639996228,41.86616581384683,-87.68275485600101,2
2026-01-28 23:55:43.077645624,41.920543326801756,-87.67172580512889,4
2026-01-28 17:19:04.446707420,41.866573157791215,-87.56652797820747,3
2026-01-28 23:28:51.187200021,41.897307427267386,-87.65862103567079,8
2026-01-28 09:13:15.571476868,41.859949463058996,-87.62889035935235,7
2026-01-28 17:27:19.459551810,41.88293689180426,-87.6466013351588,9
2026-01-28 22:22:45.585235436,41.91656196582591,-87.63279538274163,7
2026-01-28 22:39:17.073462936,41.895959924623945,-87.65149583020167,11
2026-01-28 13:47:13.533521783,41.887340880077744,-87.64039644932112,10
2026-01-28 02:32:57.187539724,41.92033884106998,-87.6522143132961,8
2026-01-28 01:30:37.153120655,41.86036563866905,-87.67661466738262,4
2026-01-29 13:45:15.506611907,41.90331037592673,-87.63158986485668,2
2026-01-29 21:12:43.537198921,41.83675170782266,-87.6300897023366,2
2026-01-29 17:54:04.478022290,41.856635431472625,-87.63782979146531,2
2026-01-29 20:39:01.121703709,41.86190387630358,-87.61229733945436,2
2026-01-29 06:07:03.438088542,41.87836615033136,-87.52288622644811,2
2026-01-29 15:01:30.622994003,41.846897928006044,-87.62525250700214,1
2026-01-29 12:53:32.970133855,41.86226885974691,-87.64484695205067,3
2026-01-29 23:32:48.071237591,41.89706794598336,-87.53814807611457,1
2026-01-29 10:38:53.051235305,41.86489620150041,-87.68563621328137,2
2026-01-29 04:45:22.668263094,41.797156735335996,-87.67951324920602,3
2026-01-29 20:09:02.441336188,41.90734589998734,-87.55925887580614,4
2026-01-29 23:05:00.880056984,41.87834783485046,-87.61562375376467,3
2026-01-29 23:19:04.177192056,41.903374802210415,-87.58316700781263,3
2026-01-29 01:32:39.752059913,41.79593765150723,-87.5930593047941,2
2026-01-29 16:05:19.493130826,41.92524778780549,-87.70177052965347,4
2026-01-29 04:11:32.698025143,41.88304577393816,-87.56941657134281,2
2026-01-29 04:39:30.386218934,41.82377324868829,-87.56867132540759,2
2026-01-29 12:01:46.547575070,41.874290053064016,-87.61040814418848,1
2026-01-29 23:34:24.743674471,41.81160544887798,-87.5861328309814,1
2026-01-29 17:12:25.222685282,41.842713061026004,-87.72593648364106,4
2026-01-29 14:43:44.873765119,41.965988323334045,-87.69157615569308,3
2026-01-29 13:40:34.166343245,41.90930965571087,-87.57584613569134,2
2026-01-29 12:45:35.115419711,41.87109622793876,-87.68831417870516,3
2026-01-29 14:21:02.924333546,41.92432876782976,-87.64762868423381,4
2026-01-29 17:03:40.695787827,41.83401861587619,-87.5916754419389,1
2026-01-29 20:03:18.713582207,41.91163071552533,-87.66176414038212,3
2026-01-29 14:44:58.324527910,41.97353951792285,-87.672032760463,3
2026-01-29 07:17:16.087238292,41.867728588165164,-87.66247424391369,3
2026-01-29 02:43:01.973251809,41.91426315299119,-87.67591274738749,2
2026-01-29 13:30:17.543782958,41.840976521978824,-87.62535002940365,2
2026-01-29 13:55:47.150645988,41.88665569492657,-87.6042571243249,4
2026-01-29 14:10:42.851882283,41.84710231680536,-87.65423840033911,3
2026-01-29 17:55:17.029311611,41.82872411100757,-87.58909582748221,4
2026-01-29 05:02:18.324651286,41.90086013623186,-87.61678229058313,2
2026-01-29 13:10:45.745842914,41.90860652518986,-87.63240703807054,6
2026-01-29 01:40:34.054391438,41.89903529258339,-87.65806025370755,8
2026-01-29 19:46:05.475920842,41.88050734817722,-87.6425939966926,11
2026-01-29 04:45:32.948236795,41.91011673417522,-87.65819335951812,12
2026-01-29 21:19:53.744132034,41.89735552899103,-87.61746827278009,5
2026-01-29 17:16:11.279541722,41.875112007887545,-87.63901342487219,14
2026-01-29 18:13:55.721624562,41.88675741665017,-87.63847899949891,9
2026-01-29 21:51:41.150856664,41.890473611834224,-87.63290975361642,6
2026-01-29 16:59:16.106280273,41.82416328122703,-87.62988965196526,10
2026-01-29 02:44:25.532511174,41.88382485831492,-87.66792084632831,14
2026-01-29 18:07:07.864211882,41.88501606765569,-87.63988922538805,13
2026-01-29 08:47:21.156126742,41.8854409798522,-87.6449221424822,12
2026-01-29 20:58:32.873313234,41.833669055092614,-87.68484246496209,6
2026-01-29 21:20:26.680011187,41.83498527608949,-87.65939731990112,6
2026-01-30 06:01:49.170781038,41.721504759062796,-87.60682925746809,3
2026-01-30 14:26:21.555093597,41.854970859297175,-87.56761754544647,4
2026-01-30 03:04:44.888700657,41.885667346682844,-87.61808307409062,5
2026-01-30 03:43:09.321008150,41.94663722537375,-87.62725712627824,2
2026-01-30 17:05:59.707135382,41.91116375544416,-87.73670394994608,2
2026-01-30 01:00:31.447419724,41.90727625459167,-87.59057903747133,4
2026-01-30 23:11:43.547195476,41.87160899141637,-87.60651178460151,2
2026-01-30 18:39:05.997548765,41.83448074458531,-87.61548543339697,2
2026-01-30 19:59:52.371352434,41.70766439617642,-87.48512535762163,2
2026-01-30 07:00:49.113169806,41.86072844147569,-87.62184883685032,5
2026-01-30 12:41:46.515846356,41.8753825967433,-87.56317654165855,1
2026-01-30 11:10:40.919380182,41.883938004393634,-87.61956237498286,5
2026-01-30 19:39:56.117416405,41.87530315029698,-87.5236550004538,3
2026-01-30 23:49:08.432524561,41.934430517431466,-87.62811100538656,1
2026-01-30 13:15:49.941167355,41.82843364366377,-87.60627817611655,2
2026-01-30 19:35:12.387973166,41.839319526036924,-87.60517787783971,5
2026-01-30 16:01:05.863490497,41.83002173044391,-87.63879613602806,1
2026-01-30 01:05:38.168476875,41.972708441519984,-87.60181043099503,3
2026-01-30 16:02:00.037163335,41.89172763114858,-87.64594182905564,2
2026-01-30 07:26:58.703340197,41.81163506385391,-87.62102577658207,2
2026-01-30 09:15:12.049514819,41.926367105612144,-87.47809861148747,4
2026-01-30 03:50:47.542287819,41.83753518326066,-87.64029579292023,5
2026-01-30 08:47:18.942745570,41.86412044232413,-87.63047745081765,4
2026-01-30 16:30:28.238058105,41.90658539407614,-87.63200243173715,3
2026-01-30 19:34:56.443774015,41.83602699234527,-87.64629124624183,3
2026-01-30 13:39:36.584070230,41.93805852343387,-87.55746756613118,2
2026-01-30 00:14:35.885973756,41.90223177497279,-87.66625174245733,7
2026-01-30 03:45:14.009941928,41.87922401480769,-87.70656340527529,1
2026-01-30 21:04:52.268815918,41.84574761802957,-87.55292616617425,4
2026-01-30 22:10:17.087196064,41.917225909033625,-87.53658611989034,2
2026-01-30 00:29:42.802486012,41.86636003029428,-87.58007731563227,2
2026-01-30 10:13:14.870626356,41.93744456722996,-87.62825953278052,3
2026-01-30 02:18:21.064219669,41.90082659359344,-87.62671612874098,5
2026-01-30 00:39:50.185230305,41.86611431107346,-87.62664327544532,4
2026-01-30 03:42:30.070784691,41.906817714163964,-87.6390130193302,5
2026-01-30 04:23:30.243856721,41.930658201532694,-87.658065504228,6
2026-01-30 13:44:41.637344627,41.87961870765057,-87.64366184157629,6
2026-01-30 14:47:25.039823185,41.862405175152965,-87.66225350029077,7
2026-01-30 20:16:24.677000924,41.85590233554819,-87.62956934278209,7
2026-01-30 18:18:14.762178505,41.90862455894348,-87.64613875459915,10
2026-01-30 08:44:42.812669504,41.887001806193524,-87.64075835553783,3
2026-01-30 12:50:06.885298786,41.88169352269246,-87.66103143994064,4
2026-01-30 04:32:36.069434929,41.85281865223149,-87.63147533036552,9
2026-01-30 10:49:50.635335297,41.893358390606025,-87.61579838559662,13
2026-01-30 23:46:29.980419037,41.90145008271298,-87.6392953570555,16
2026-01-30 04:40:34.046789795,41.82855555398215,-87.68545266429031,9
2026-01-30 03:31:54.959464065,41.83039458351514,-87.66504877614429,9
2026-01-30 17:59:58.541920798,41.82106529920436,-87.68420984919653,4
2026-01-30 10:40:18.189433176,41.841620943661184,-87.67101759318709,6
2026-01-31 11:39:10.864125083,41.89260250458319,-87.62503023621451,1
2026-01-31 08:26:59.953456399,41.833386399792325,-87.50669123464367,5
2026-01-31 00:53:34.601703369,41.809474289141285,-87.58315869623573,5
2026-01-31 22:30:05.384526329,41.85215773433595,-87.60193300255028,1
2026-01-31 10:18:19.497089924,41.83595938638912,-87.56989192572263,3
2026-01-31 11:34:21.457026477,41.96521569230981,-87.61135535401036,3
2026-01-31 16:54:22.668498726,41.842046894260065,-87.64621690328228,2
2026-01-31 19:13:32.977857317,41.90004082616809,-87.54267471207764,1
2026-01-31 14:14:57.296285364,41.853942072235135,-87.65600773360647,2
2026-01-31 17:59:53.274753665,41.86488171532433,-87.64697880440721,3
2026-01-31 02:04:45.626214315,41.898599998666285,-87.64244978280138,2
2026-01-31 22:17:04.830937633,41.80458921889513,-87.5856366319757,5
2026-01-31 19:06:15.816276713,41.89586881053351,-87.51207966016946,1
2026-01-31 11:59:23.312690169,41.85553845555468,-87.66067593035706,3
2026-01-31 16:38:03.648092355,41.863152238471116,-87.66829794634829,2
2026-01-31 20:18:09.993725528,41.96627461552799,-87.50417326895064,2
2026-01-31 11:43:47.179142668,41.92751688706058,-87.61260438716236,4
2026-01-31 14:20:30.502544666,41.91159117104583,-87.78981504868197,3
2026-01-31 10:29:03.382009984,41.862428708365826,-87.70189116795513,3
2026-01-31 10:15:29.429269700,41.83971022201343,-87.62775052338756,3
2026-01-31 11:19:45.667427290,41.90514528607778,-87.6617717998656,18
2026-01-31 23:21:35.876998026,41.87752951451804,-87.63782249829404,10
2026-01-31 03:04:51.873374482,41.90490826905217,-87.63687001151554,12
2026-01-31 19:31:41.811226878,41.903407275303366,-87.64994278333205,9
2026-01-31 15:34:41.981816369,41.882039996653916,-87.62296255226725,6
2026-01-31 01:55:24.718932814,41.91720604105472,-87.63638290462,13
2026-01-31 12:09:56.780651998,41.890773318449874,-87.65720444092399,9
2026-01-31 11:46:47.847324707,41.901154105001496,-87.61532000997703,13
2026-01-31 14:34:22.748130175,41.89155185747341,-87.64838803710589,16
2026-01-31 18:10:37.015669613,41.86829581717862,-87.63149974139543,6
2026-01-31 10:36:26.824730579,41.886161239729276,-87.68218877462624,5
2026-01-31 14:07:48.732185942,41.8078929520143,-87.70915522448861,9
2026-01-31 17:33:34.394994224,41.8613902985709,-87.67361681910606,5
2026-01-31 08:13:06.391746782,41.82956684058183,-87.65199170611491,5
2026-01-31 10:46:06.532486331,41.87323591731641,-87.68465647362636,6
2026-01-31 13:25:41.610213663,41.85124187166599,-87.64183333551725,10
2026-01-31 20:29:50.396305762,41.81892038025734,-87.67078587358311,6
2026-02-01 22:39:48.361494453,41.97381627043019,-87.64499372215705,2
2026-02-01 12:46:46.278864931,41.91418309799048,-87.56477615316356,5
2026-02-01 18:10:57.882248133,41.86564826470281,-87.69758772389777,3
2026-02-01 11:29:47.194711922,41.827984611667475,-87.64868631699508,4
2026-02-01 16:37:53.058161214,41.8733326080752,-87.6319587217715,4
2026-02-01 06:25:01.847031867,41.92633396970818,-87.69782150113281,3
2026-02-01 02:44:43.776159470,41.8328773386852,-87.61797380494774,1
2026-02-01 20:47:01.890674118,41.89513110142456,-87.61746046474684,2
2026-02-01 17:09:53.712373433,41.94907317364075,-87.59327905522518,1
2026-02-01 23:38:49.567767611,41.873555192995894,-87.62780520901933,1
2026-02-01 19:24:14.358172959,41.87769120965384,-87.65701309463834,3
2026-02-01 21:50:06.053322857,41.89468482893573,-87.63110250759327,2
2026-02-01 01:27:04.052787151,41.85933024665399,-87.57557045868343,3
2026-02-01 16:51:31.643123338,41.881998069873006,-87.70394475871396,3
2026-02-01 19:38:17.147730093,41.91365750784673,-87.61484976992271,1
2026-02-01 01:43:40.434194363,41.791150638640005,-87.6821535465449,2
2026-02-01 12:30:07.482255889,41.86571934834378,-87.64272559320914,5
2026-02-01 21:12:17.124159437,41.87668433321739,-87.6758773260244,4
2026-02-01 04:36:53.335538692,41.88400048765646,-87.74816225345164,4
2026-02-01 19:47:15.441035077,41.90137234392662,-87.63755394688101,10
2026-02-01 17:19:22.633648814,41.87279100262808,-87.65324457859171,12
2026-02-01 20:33:08.529030756,41.88541314301523,-87.62270975683778,10
2026-02-01 06:36:11.297260195,41.88349817005333,-87.64059374072458,13
2026-02-01 14:21:56.430054474,41.889888454800314,-87.66610479348002,10
2026-02-01 14:39:40.876766819,41.87277800057793,-87.64687416502476,3
2026-02-01 19:10:10.163069341,41.89734439215809,-87.66923557853377,7
2026-02-01 08:21:50.890630674,41.89056584345023,-87.63425246466016,11
2026-02-01 15:43:42.664925148,41.89334348744506,-87.62920258028603,11
2026-02-01 09:46:26.567554741,41.889514130848276,-87.62343724926745,13
2026-02-01 12:02:35.936022572,41.88319363397856,-87.66004092632583,11
2026-02-01 00:21:33.892352921,41.878205708175216,-87.63855914291324,9
2026-02-01 16:51:01.834630826,41.90607447759834,-87.66715668556537,11
2026-02-01 17:01:17.384397069,41.87224418008352,-87.66469350533455,9
2026-02-01 07:47:38.974020452,41.8840155283701,-87.644023497993,8
2026-02-01 12:00:05.851596091,41.882527113648486,-87.65630852982383,9
2026-02-01 14:36:24.227027350,41.88264705829783,-87.64515593007307,10
2026-02-01 07:36:43.461618471,41.84827694551637,-87.72171370850374,7
2026-02-01 18:59:02.493844365,41.850723462320815,-87.66782952707402,15
2026-02-01 17:21:13.341958362,41.85252808615967,-87.68259149796599,7
2026-02-01 14:19:04.551344857,41.85590812930272,-87.68698059233674,9
2026-02-02 15:10:01.255577709,41.81971240412008,-87.56485941673388,5
2026-02-02 21:49:08.319740259,41.82039255322066,-87.53764557704544,3
2026-02-02 13:33:22.379126219,41.805368093873504,-87.66716925019138,3
2026-02-02 22:49:45.398234275,41.881358453318214,-87.51454595067484,4
2026-02-02 16:55:26.033706275,41.93062668249533,-87.63719081774553,3
2026-02-02 15:06:02.701914876,41.84015075680035,-87.58312394679835,3
2026-02-02 01:23:10.810860991,41.82436531491542,-87.61494658091867,1
2026-02-02 20:43:57.451627860,41.875348601680486,-87.62175973142993,6
2026-02-02 19:28:39.708136892,41.779137376165814,-87.78326078427004,5
2026-02-02 23:26:13.316362344,41.898081534308005,-87.62893661841088,2
2026-02-02 00:39:17.288029197,41.872924567578515,-87.52334906658977,3
2026-02-02 12:31:56.080357685,41.90971576702338,-87.64775040875138,5
2026-02-02 05:29:39.878100206,41.972467047312804,-87.63085169489693,3
2026-02-02 02:27:52.795309015,41.960528736148696,-87.49542982722137,2
2026-02-02 02:02:49.624126648,41.955421694807804,-87.62522159134906,3
2026-02-02 12:14:24.914307183,41.91065585247786,-87.71634801105074,3
2026-02-02 10:18:17.643660495,41.871290014560806,-87.70253904569752,2
2026-02-02 14:00:59.496551382,41.87815235930413,-87.62252654897864,2
2026-02-02 06:33:36.861421527,41.85918309827381,-87.6432839052528,1
2026-02-02 05:12:32.800592873,41.82657422488062,-87.63198076742002,6
2026-02-02 23:50:35.435640223,41.88271328000716,-87.70201601289374,2
2026-02-02 15:10:55.117406948,41.94596687919999,-87.67378709987696,4
2026-02-02 07:52:29.825810217,41.88074256549345,-87.49013167981441,2
2026-02-02 08:08:49.514257307,41.87736276936147,-87.6435534633867,6
2026-02-02 03:32:09.709477630,41.88954722714281,-87.65469091250354,6
2026-02-02 22:55:57.607831714,41.89284754591529,-87.6183838483264,10
2026-02-02 05:35:07.999794320,41.91933229815946,-87.62860999342813,12
2026-02-02 03:58:15.712584538,41.91584634842159,-87.64330711873879,19
2026-02-02 17:39:02.477011247,41.8716699341956,-87.656317780562,10
2026-02-02 10:28:26.367774819,41.88534857037116,-87.65566333023364,6
2026-02-02 13:17:33.718384859,41.900605610876454,-87.66407699802188,8
2026-02-02 23:34:22.501168663,41.91216754450012,-87.632676930404,8
2026-02-02 16:34:52.619211663,41.90936337178959,-87.6370453104311,10
2026-02-02 00:38:43.264922806,41.87060597418998,-87.6380913782654,7
2026-02-02 16:53:09.939020201,41.90496076875559,-87.63221393930617,13
2026-02-02 01:13:22.423704051,41.89658002251126,-87.62596086038047,14
2026-02-02 09:25:04.815858753,41.85508136027963,-87.68075864264684,8
2026-02-02 02:48:04.483642402,41.84683537176131,-87.65769512002844,8
2026-02-02 21:47:18.196969562,41.82232449849892,-87.66217520304131,8
2026-02-02 09:28:10.848888910,41.84298719566824,-87.70962409696666,8
2026-02-02 00:53:03.973108708,41.836567042199455,-87.68761975188194,9
2026-02-03 10:13:56.920344184,41.958558248441385,-87.59581591884044,3
2026-02-03 21:38:29.594512086,41.93856076963423,-87.62171571738895,3
2026-02-03 21:38:45.599670430,41.884961856448385,-87.7048743271357,1
2026-02-03 07:32:16.245657274,41.857295743936675,-87.60953937887773,2
2026-02-03 03:07:19.179056602,41.88645766437924,-87.71183277347812,2
2026-02-03 17:00:07.500612964,41.86097395756504,-87.65910469936394,4
2026-02-03 02:11:43.028349530,41.88178984908847,-87.64121337509938,6
2026-02-03 19:44:49.215697285,41.83278442535248,-87.66415399909728,5
2026-02-03 22:58:23.734491686,41.84957086490732,-87.64108856110829,1
2026-02-03 22:40:47.725930070,41.92043681220956,-87.58546324575259,2
2026-02-03 00:49:37.355817648,41.8373515346667,-87.5524056683943,3
2026-02-03 05:11:10.222512333,41.821689464714716,-87.61914091740273,1
2026-02-03 23:59:47.977285161,41.80414337229291,-87.72362821001235,3
2026-02-03 12:22:07.479738859,41.88431934065264,-87.59075563434057,2
2026-02-03 18:21:34.892248427,41.838744118239646,-87.62295294573168,4
2026-02-03 21:03:47.646444073,41.9312266758155,-87.6971573913153,4
2026-02-03 04:44:50.304797361,41.96998728153934,-87.64717987298953,1
2026-02-03 14:23:06.256411193,41.89911002534317,-87.7703015824514,4
2026-02-03 00:13:54.887844885,41.85303399036409,-87.68793717734046,3
2026-02-03 21:59:32.356813696,41.862799493845166,-87.52933844558879,2
2026-02-03 01:09:38.945623606,41.88173887849708,-87.55881367548712,2
2026-02-03 05:45:29.790669298,41.899158954183214,-87.66219635071556,3
2026-02-03 15:40:29.971276660,41.90168503325314,-87.59581861725576,6
2026-02-03 04:15:21.628508837,41.875784844957366,-87.64671128716284,6
2026-02-03 00:28:09.117549952,41.90576838960589,-87.61336452951451,14
2026-02-03 17:34:38.965433230,41.8834172599008,-87.63514090536871,11
2026-02-03 01:25:11.566257399,41.88745274445857,-87.65405512642894,16
2026-02-03 02:05:27.972560875,41.91545037605849,-87.65534424892272,8
2026-02-03 02:41:48.757121608,41.884763587549905,-87.63201398040643,14
2026-02-03 10:33:35.790220674,41.8893862575734,-87.63881350269182,12
2026-02-03 23:32:54.277917286,41.88615211663986,-87.64104139550228,9
2026-02-03 03:29:50.187413763,41.888378187426746,-87.65117696225846,8
2026-02-03 07:44:36.073047309,41.913206894193145,-87.66221995091125,19
2026-02-03 10:00:57.833870981,41.893005992507206,-87.63689964891256,13
2026-02-03 11:55:34.020386524,41.90760343515633,-87.65292338321316,9
2026-02-03 09:14:24.032717247,41.87341341557177,-87.62854998831423,8
2026-02-03 15:10:48.734067675,41.85511477885808,-87.67731874625764,12
2026-02-03 20:01:32.509463246,41.84212242805399,-87.73429486243737,14
2026-02-03 05:56:08.730833835,41.80777008164987,-87.66314996375127,6
2026-02-03 04:20:34.306029423,41.82558032073796,-87.69347764377716,9
2026-02-03 12:57:28.985235918,41.81294706042955,-87.72748900537324,7
2026-02-04 02:49:44.440673401,41.95571835033313,-87.60451534557708,3
2026-02-04 10:30:57.190855614,41.868304821250355,-87.68828694453092,2
2026-02-04 02:12:17.324947017,41.80843587473223,-87.53424990197966,4
2026-02-04 15:28:14.825002684,41.912349903638344,-87.62176391537449,6
2026-02-04 21:48:57.617460813,41.898795420536956,-87.66637347113583,5
2026-02-04 22:36:34.652189205,41.941397179207435,-87.59653651988958,3
2026-02-04 17:27:40.929323437,41.87739323703947,-87.64136125756521,2
2026-02-04 02:13:23.042675306,41.877116990645746,-87.56466783200914,2
2026-02-04 20:58:02.474092053,41.93393163280808,-87.65727407764814,3
2026-02-04 05:21:06.273992309,41.830250846658096,-87.5610336016569,3
2026-02-04 17:06:32.819616045,41.877412281019545,-87.69476441883376,4
2026-02-04 21:01:26.170119782,41.877745011904544,-87.66233111610457,4
2026-02-04 11:36:05.676009517,41.87403073977589,-87.65410631030385,3
2026-02-04 03:11:26.284122877,41.944438730022746,-87.57987207031258,4
2026-02-04 13:17:53.310821705,41.89456588659728,-87.67971321697983,3
2026-02-04 06:04:24.740978683,41.86294719073172,-87.56811591880238,4
2026-02-04 19:18:15.949672812,41.96790473228262,-87.59006719708562,2
2026-02-04 16:38:10.503121258,41.92106980452452,-87.70973186279747,2
2026-02-04 21:01:46.022376533,41.76800157019304,-87.54733172704057,4
2026-02-04 06:38:23.775152624,41.87480509810956,-87.59180797391744,2
2026-02-04 20:09:15.371848824,41.87978051434558,-87.61595363230269,3
2026-02-04 05:48:48.534708081,41.85098042452659,-87.56530958945784,3
2026-02-04 03:03:15.058219800,41.888584131715454,-87.55576945234807,2
2026-02-04 16:39:40.353957042,41.8139727685148,-87.64209653598171,2
2026-02-04 01:26:06.824481147,41.8882076213434,-87.66796559796633,10
2026-02-04 23:00:07.903043694,41.90423343221625,-87.64912522900049,11
2026-02-04 22:18:51.825567814,41.87642691085021,-87.64845665468494,17
2026-02-04 16:37:42.495303036,41.87373580598747,-87.64439006940027,8
2026-02-04 06:53:13.684123305,41.85537637373574,-87.66879868449095,10
2026-02-04 22:35:08.808309314,41.84402703484987,-87.68974977666919,8
2026-02-04 15:17:15.968961111,41.84441942445791,-87.68107830687819,8
2026-02-04 22:40:44.037359966,41.84624038680847,-87.67518288483744,13
2026-02-04 11:29:57.271988795,41.81845939788348,-87.690388649196,8
2026-02-05 23:10:56.161216180,41.883817455491034,-87.60717205094134,6
2026-02-05 05:46:57.447024456,41.82628693559656,-87.6017718473257,2
2026-02-05 06:19:37.434944845,41.88578988402681,-87.53455424031154,3
2026-02-05 09:17:18.172013628,41.93571094983264,-87.65572237237065,2
2026-02-05 13:33:04.112522665,41.905730059017735,-87.55829971386252,3
2026-02-05 20:05:26.348358225,41.866774737701014,-87.62913260182714,4
2026-02-05 17:09:56.116508092,41.9069340117065,-87.60607248107206,4
2026-02-05 22:27:44.240663316,41.79347196632142,-87.6531086095371,5
2026-02-05 05:35:34.588659717,41.826043926630376,-87.69125351626589,4
2026-02-05 09:54:38.321012123,41.921788312702816,-87.63337003169721,3
2026-02-05 10:46:44.497073590,41.87774767297323,-87.58706612163208,3
2026-02-05 05:49:14.378613654,41.84910470863441,-87.57869920760626,1
2026-02-05 01:50:44.879755667,41.82039661368729,-87.71837060639872,2
2026-02-05 11:06:18.331366592,41.909177538022995,-87.63005072760477,3
2026-02-05 06:20:56.820020705,41.841324714617855,-87.709128033885,1
2026-02-05 12:41:45.334848539,41.9800386844409,-87.66137233832765,2
2026-02-05 17:58:08.897252260,41.840953961604555,-87.58531800814414,2
2026-02-05 06:14:20.516933032,41.7512784997526,-87.59407678876127,1
2026-02-05 22:43:02.342324777,41.79352779511491,-87.69568614118536,3
2026-02-05 17:24:34.949694466,41.99158062846426,-87.63100102180186,4
2026-02-05 08:32:53.327452019,41.87883365835846,-87.67662724747052,3
2026-02-05 19:46:55.978460092,41.92300858952537,-87.67351686175236,5
2026-02-05 18:28:30.044384600,41.873612943063534,-87.59808299670672,2
2026-02-05 08:06:44.481498436,41.805835252588444,-87.5938495505932,2
2026-02-05 19:49:57.347622165,41.80670831835434,-87.53115782107811,2
2026-02-05 05:47:18.238003466,41.794746354373835,-87.63817659390794,7
2026-02-05 15:00:43.650611865,41.899378123893996,-87.65230291669872,13
2026-02-05 19:14:24.703049692,41.87720211735585,-87.63462996348709,10
2026-02-05 23:32:30.025086177,41.88241386843135,-87.60939259878513,9
2026-02-05 20:26:47.164153214,41.89148639512783,-87.65190984141748,12
2026-02-05 05:00:41.955922261,41.86801741515732,-87.62880849498183,12
2026-02-05 03:42:44.736450500,41.888030897873705,-87.66075769740769,12
2026-02-05 18:13:39.814778080,41.90323296459915,-87.63677343648368,9
2026-02-05 08:54:55.154030518,41.87569338940953,-87.62084539508875,14
2026-02-05 05:59:42.098663473,41.89925700883111,-87.60279765513272,11
2026-02-05 08:16:04.473299620,41.90550274737355,-87.62979326794465,7
2026-02-05 07:23:57.535302774,41.90870750376054,-87.64238249074702,11
2026-02-05 16:47:05.453940080,41.9009075387452,-87.64702483559971,10
2026-02-05 09:36:23.202905638,41.90980757061224,-87.62709865728601,9
2026-02-05 21:37:27.145560349,41.851418833780926,-87.67293937261273,10
2026-02-05 09:43:35.281265946,41.86852280341647,-87.70081077415176,9
2026-02-05 09:15:37.678666532,41.83815955232806,-87.6712661849424,9
2026-02-05 04:04:00.754718060,41.81815885986064,-87.64835501548437,13
2026-02-05 02:14:41.005073005,41.80935696879156,-87.671048827376,15
2026-02-05 00:36:13.243014260,41.849451153979714,-87.70256893176416,9
2026-02-05 10:24:51.224268406,41.83824573574076,-87.67553575680715,12
2026-02-05 22:51:09.435144605,41.84403812819797,-87.70046278560525,5
2026-02-05 06:47:32.869401260,41.836359678389954,-87.67720341656992,15
2026-02-06 04:10:55.272811977,41.934646889812754,-87.64822432353115,2
2026-02-06 19:10:53.881820987,41.89844139274146,-87.60560491776407,4
2026-02-06 03:49:42.867888612,41.82778791751644,-87.58405944643411,5
2026-02-06 00:26:19.784348472,41.908429657877974,-87.68223753100737,1
2026-02-06 13:39:48.713046746,41.852409325829704,-87.656183380089,3
2026-02-06 12:00:54.678858097,41.80825099421124,-87.59864983369441,3
2026-02-06 13:12:41.956123248,41.81338600251868,-87.62245706058371,3
2026-02-06 20:00:57.596624214,41.90208091618235,-87.77585075790451,4
2026-02-06 00:54:44.916872146,41.91183610306251,-87.66371128169385,3
2026-02-06 22:46:26.640036638,41.83935018092954,-87.57793666343926,3
2026-02-06 07:32:21.244482071,41.94187394928873,-87.63487290149402,2
2026-02-06 14:36:19.845187114,41.95326007070154,-87.56207053222465,5
2026-02-06 16:15:51.010506190,41.89244154350734,-87.68042160086678,3
2026-02-06 20:48:37.164857516,41.81471973656357,-87.67523887872844,3
2026-02-06 19:03:24.961361226,41.98227991220499,-87.62423642768657,4
2026-02-06 06:14:25.147362010,41.87746219747594,-87.66392876020497,5
2026-02-06 00:02:41.986856249,41.94729812830843,-87.63989152271363,3
2026-02-06 11:40:05.718157435,41.974266533960325,-87.7473971249956,2
2026-02-06 20:54:58.664627518,41.86745805947872,-87.60989566089667,1
2026-02-06 12:52:19.658183866,41.90052369050367,-87.55013362626914,5
2026-02-06 17:53:06.088868180,41.84451055500113,-87.59988049542274,4
2026-02-06 02:45:39.699247294,41.892693435606596,-87.62884147189429,13
2026-02-06 17:26:17.195097163,41.88868475616313,-87.62815725883968,13
2026-02-06 08:14:02.257458379,41.89983032652174,-87.64454873544116,8
2026-02-06 20:45:07.085205886,41.89634956726314,-87.63568037509428,16
2026-02-06 06:14:51.376328859,41.88918676812005,-87.63203238334474,6
2026-02-06 09:06:18.943568590,41.89321681131904,-87.65052805755326,9
2026-02-06 07:44:08.625839590,41.87519512966484,-87.61995422893852,11
2026-02-06 04:59:28.786831279,41.90151173813117,-87.61906341770782,7
2026-02-06 06:32:28.741035611,41.905984853342204,-87.6476428630791,12
2026-02-06 15:45:25.976332465,41.894949930309984,-87.62884889738082,17
2026-02-06 23:39:06.692467010,41.881999182170844,-87.63780856321401,5
2026-02-06 16:08:04.434519090,41.87247603446023,-87.63976354465372,13
2026-02-06 19:01:22.650576409,41.86051949574914,-87.67847390084479,3
2026-02-06 11:28:13.228373838,41.807292433475844,-87.67503593458534,7
2026-02-06 18:53:15.082053886,41.85449440333511,-87.67936728957098,5
2026-02-06 19:15:48.600402802,41.81355004931505,-87.68067182082291,5
2026-02-06 18:18:59.406572966,41.805747771882324,-87.7157443818328,11
2026-02-06 13:36:58.060815447,41.850010823573584,-87.66836643019906,7
2026-02-06 09:25:15.024595937,41.84547052440005,-87.6645950636341,11
2026-02-06 02:28:10.816972922,41.85696599254719,-87.65556000409454,9
2026-02-06 05:32:48.158381200,41.82388134361139,-87.6777650258216,12
2026-02-06 06:43:21.117875931,41.807493663754784,-87.67462862717065,13
2026-02-07 18:55:28.515400502,41.885566551305125,-87.64686110899628,1
2026-02-07 19:01:09.638304278,41.85029870546387,-87.63336416384037,7
2026-02-07 17:42:26.312067159,41.85305794217358,-87.65204492439639,3
2026-02-07 22:48:29.362796359,41.880957991800095,-87.6287316027108,3
2026-02-07 13:37:55.284257118,41.823021560977764,-87.58375945943824,1
2026-02-07 16:39:59.332548277,41.8688205660898,-87.54577165316813,3
2026-02-07 18:41:27.525822138,41.84549199813816,-87.61628027971065,2
2026-02-07 03:14:58.284531308,41.84114077310891,-87.57698158287445,5
2026-02-07 04:57:54.685229852,41.90590888778655,-87.65718354578954,4
2026-02-07 11:21:05.392958866,41.81830607594295,-87.62144620470043,3
2026-02-07 00:23:26.175782296,41.85969317330531,-87.6121804425309,4
2026-02-07 11:46:43.784611271,41.866075052075885,-87.59872574870931,4
2026-02-07 11:59:34.240677758,41.953495970861745,-87.56218082486313,2
2026-02-07 18:48:22.113011420,41.91046974744714,-87.64939013181343,3
2026-02-07 02:52:26.471470703,41.94793352359741,-87.63137616578032,2
2026-02-07 04:31:44.699353346,41.8499964062445,-87.65216480201848,2
2026-02-07 09:45:49.287178084,41.8700479859602,-87.65668724845933,3
2026-02-07 12:01:02.300653172,41.938226378382396,-87.71163982515863,2
2026-02-07 20:49:14.265244537,41.88284959892553,-87.64324026932964,12
2026-02-07 08:16:03.868836303,41.86981907104963,-87.64857581666766,14
2026-02-07 14:39:08.515576546,41.90854215959094,-87.6487782025309,10
2026-02-07 00:25:38.716173379,41.895809140843966,-87.6448583053708,19
2026-02-07 01:39:17.520558840,41.87221194654633,-87.63000498406389,7
2026-02-07 17:21:32.112214433,41.887804754142394,-87.64376483230883,13
2026-02-07 07:54:41.887204100,41.88164997461635,-87.63169689242544,9
2026-02-07 15:36:47.092912351,41.87047603973334,-87.65171472926727,10
2026-02-07 16:57:08.544159490,41.88955058427401,-87.67285353728901,9
2026-02-07 07:39:53.224431022,41.879520337061905,-87.62704302978382,8
2026-02-07 19:51:30.570951279,41.8848107255475,-87.65035157362078,16
2026-02-07 22:03:09.697995917,41.87972126659923,-87.61889988686559,6
2026-02-07 15:19:42.848951789,41.88241787527005,-87.64002524215742,12
2026-02-07 23:26:32.214147343,41.86755239158309,-87.66519135602483,14
2026-02-07 03:23:31.611229468,41.89450128663758,-87.63795138223763,16
2026-02-07 11:08:17.344696460,41.849354053858285,-87.64485437861273,17
2026-02-07 11:44:06.496019518,41.86955274229622,-87.64524587948969,16
2026-02-07 23:49:40.517607967,41.860844804539816,-87.67177976252393,12
2026-02-07 21:18:01.055393446,41.847597714779816,-87.67043509864753,9
2026-02-07 14:34:33.567376311,41.8537063954734,-87.70044432956402,7
2026-02-08 13:56:48.319970547,41.884767607079816,-87.65462217880125,3
2026-02-08 20:02:10.148018803,41.84933908647896,-87.58166665647069,5
2026-02-08 14:28:30.451455397,41.93978952039068,-87.60202305941537,3
2026-02-08 07:43:13.835325446,41.820707938592484,-87.57324690693008,3
2026-02-08 19:38:39.902517985,41.859009941781146,-87.69854649015397,2
2026-02-08 02:49:04.819141206,41.922781677230475,-87.6610540936998,3
2026-02-08 06:23:28.330171400,41.905589013049116,-87.63707288828343,1
2026-02-08 05:20:34.658634409,41.81062016045068,-87.65778732127878,4
2026-02-08 23:16:58.003891612,41.95675895144367,-87.60020300599635,3
2026-02-08 10:46:41.646981606,41.849197013006304,-87.64049752131935,5
2026-02-08 10:24:28.552533342,41.94309891764388,-87.6364253140305,4
2026-02-08 20:38:15.916873128,41.959349302408874,-87.61842694924515,7
2026-02-08 02:14:50.738312862,41.93119121760089,-87.63933808649375,3
2026-02-08 16:41:26.141730172,41.90634457034424,-87.5930142585535,2
2026-02-08 10:27:01.060588466,41.912617008068466,-87.62988286481371,2
2026-02-08 17:14:03.821447062,41.92254218894273,-87.7148868840148,2
2026-02-08 08:17:38.280697017,41.930814027454645,-87.72825044819484,2
2026-02-08 05:31:25.210151841,41.75202708647018,-87.63413329734084,5
2026-02-08 14:41:33.426801485,41.85723946653922,-87.56065977850454,5
2026-02-08 00:35:39.982969499,41.77474930855992,-87.56752064259875,2
2026-02-08 10:14:54.656036244,41.89630205405567,-87.63477106760006,5
2026-02-08 07:01:16.003258050,41.821618930212985,-87.61043941380778,8
2026-02-08 07:02:47.740180551,41.857689552679695,-87.63689293125015,12
2026-02-08 08:27:16.925439751,41.856368969197966,-87.65495156127707,20
2026-02-08 05:53:34.033862844,41.88327465309891,-87.61861306789635,13
2026-02-08 02:37:14.426164364,41.86597015730191,-87.61844136313232,10
2026-02-08 23:27:54.096990893,41.89151172593425,-87.6571890635251,15
2026-02-08 19:49:06.504664013,41.86473303828186,-87.6166770725346,13
2026-02-08 01:34:55.608010952,41.91223434699043,-87.64299380381746,15
2026-02-08 07:19:22.632651330,41.8813927119506,-87.633821798237,17
2026-02-08 00:41:42.224359024,41.90726718322141,-87.65606927765084,9
2026-02-08 08:44:50.645164732,41.89053837871166,-87.60389011417787,12
2026-02-08 16:55:05.403332958,41.91645041226595,-87.66155453946205,9
2026-02-08 21:36:00.958912584,41.89842088666092,-87.62150169751735,8
2026-02-08 11:16:25.382381702,41.88720450992957,-87.62718951908147,8
2026-02-08 18:09:52.295916813,41.89678032453676,-87.64694752306788,16
2026-02-08 20:32:41.253118593,41.899587439988345,-87.62661917659345,13
2026-02-08 02:27:19.836727175,41.88002337741958,-87.62622877059475,8
2026-02-08 09:43:32.794476956,41.905897066373974,-87.64864562871325,11
2026-02-08 11:10:10.357833007,41.83490412231819,-87.64626562580251,8
2026-02-08 17:46:07.182512148,41.807840038515884,-87.68988338242428,12
2026-02-08 09:04:57.158275107,41.84315268951295,-87.68211631864393,9
2026-02-08 20:04:01.235952640,41.82521216408912,-87.67284041943066,7
2026-02-08 23:35:34.558497416,41.85715034641608,-87.67833513659623,11
2026-02-09 06:18:05.850357226,41.90789555233812,-87.65480021072057,4
2026-02-09 16:43:57.351766722,41.823967413793866,-87.60443870252148,4
2026-02-09 08:03:12.185053187,41.94217175487284,-87.67384146815331,3
2026-02-09 12:21:03.714584858,41.90155179433731,-87.68243634646844,4
2026-02-09 15:06:28.764766257,41.88827614913883,-87.66025627534454,2
2026-02-09 13:33:38.811232098,41.93764255221291,-87.65171281209034,3
2026-02-09 17:01:49.479700689,41.95660988602949,-87.67619774278036,5
2026-02-09 16:50:46.647339633,41.77982871242322,-87.70786506613635,1
2026-02-09 23:05:09.478149937,41.86324197913514,-87.71332579097464,2
2026-02-09 00:49:22.287422220,41.824098480458275,-87.69329182614052,5
2026-02-09 10:34:28.550569975,41.830973536638616,-87.56102863734012,3
2026-02-09 14:03:33.055682598,41.921277275386565,-87.55767836296178,2
2026-02-09 12:25:33.341919913,41.9425315340838,-87.62081033808786,3
2026-02-09 13:01:28.315563565,41.832092282431425,-87.6438363974607,5
2026-02-09 19:13:28.736569717,41.8841355177089,-87.51133931340037,3
2026-02-09 04:17:43.666678210,41.913923260215526,-87.63969950500811,2
2026-02-09 06:34:09.980353546,41.78415619739387,-87.58319041368104,2
2026-02-09 14:54:03.625365507,41.87014018827058,-87.55196177437118,2
2026-02-09 00:27:53.487305069,41.909589091214265,-87.58940025003655,2
2026-02-09 17:15:50.895257759,41.918485380135074,-87.72650849605608,4
2026-02-09 15:26:03.042456913,41.99570824667248,-87.72207954661418,4
2026-02-09 03:51:32.276792984,41.86831128939463,-87.68034466193181,6
2026-02-09 15:08:50.916323299,41.81463977143187,-87.71079771124029,4
2026-02-09 17:21:12.435587254,41.82636170297248,-87.58393766221943,3
2026-02-09 19:22:38.408651858,41.79633364342255,-87.69701116511807,2
2026-02-09 03:17:58.849447393,41.83210050739157,-87.59531992957112,3
2026-02-09 12:15:50.349418123,41.84664404029273,-87.62728005477136,1
2026-02-09 12:59:44.249064002,41.89112148123842,-87.65204071560582,15
2026-02-09 05:39:35.386008602,41.89278420261537,-87.64796713312536,10
2026-02-09 14:20:47.748104277,41.86876888137515,-87.64771398746895,11
2026-02-09 03:32:44.795830722,41.89235137244321,-87.6482383227784,14
2026-02-09 03:30:23.101269084,41.90303949318953,-87.66903932151419,13
2026-02-09 16:11:20.182667869,41.89456939629219,-87.65675961793916,13
2026-02-09 05:53:53.877090399,41.88294141270984,-87.64231827836781,13
2026-02-09 15:42:24.282699831,41.89622859883843,-87.64574068348935,13
2026-02-09 03:28:37.450463238,41.885198838243426,-87.65870190864865,5
2026-02-09 01:31:29.159146699,41.88146920211315,-87.59561364114036,6
2026-02-09 21:55:04.852585361,41.835311966892135,-87.67674433592452,13
2026-02-09 08:18:07.260980082,41.83686427315353,-87.64433725781501,11
2026-02-09 16:34:07.303752798,41.84971792977049,-87.67507956060805,11
2026-02-09 12:40:22.366345068,41.844750082604214,-87.69248772545987,17
2026-02-09 15:11:39.462669150,41.888217967549394,-87.70770292353875,17
2026-02-09 01:42:14.616930561,41.88623457534363,-87.69732264190684,10
2026-02-09 22:46:56.665583312,41.82475009476264,-87.66408698568308,8
2026-02-09 07:43:13.728057014,41.847445157938544,-87.69055455110113,20
2026-02-09 14:39:02.307498404,41.83646735946507,-87.68376546536192,12
2026-02-10 20:43:25.633957074,41.86180863912784,-87.64341534601252,1
2026-02-10 10:59:04.034073881,41.97900552783779,-87.67535100324757,2
2026-02-10 20:33:50.739693012,41.83437857954612,-87.68803139305986,2
2026-02-10 22:20:53.038144931,41.82915174856181,-87.58806685472236,1
2026-02-10 17:46:37.447741880,41.85845155679414,-87.57022966727823,4
2026-02-10 09:38:59.509339613,41.94344256118362,-87.5979662126121,5
2026-02-10 13:45:34.104157715,41.982158387214874,-87.55477841052898,3
2026-02-10 00:07:54.197426028,41.86065836527357,-87.5319834369563,2
2026-02-10 03:39:13.648569592,41.965113321368044,-87.71582502003021,1
2026-02-10 13:11:34.886318138,41.80779255120922,-87.67493258389858,2
2026-02-10 05:17:12.320330659,41.88653338331024,-87.56174697819006,2
2026-02-10 03:03:01.986949335,41.858682144552446,-87.4753585824836,3
2026-02-10 00:02:29.009263745,41.88460253760969,-87.65494418242875,6
2026-02-10 20:18:31.338093407,41.78670453906414,-87.62323005246634,1
2026-02-10 19:18:45.892308758,41.86566428353748,-87.51873494700959,4
2026-02-10 23:50:23.997246169,41.96938690434386,-87.63041887955681,4
2026-02-10 04:19:49.431182144,41.89368123778373,-87.6932400306086,2
2026-02-10 15:26:28.529062071,41.73662473488755,-87.59173602453032,3
2026-02-10 22:57:37.103730348,41.859620978658484,-87.60201034773236,4
2026-02-10 14:29:43.521799916,41.88802077874537,-87.71136318510963,1
2026-02-10 05:52:20.993110012,41.82671365200081,-87.750921484403,1
2026-02-10 12:44:38.869317162,41.872246166945935,-87.59118487723401,3
2026-02-10 17:19:09.485170273,41.881628695002796,-87.6252211913611,11
2026-02-10 15:46:47.075545604,41.8830399341963,-87.63101366580752,7
2026-02-10 15:51:35.824072514,41.88376406928487,-87.63117144976543,8
2026-02-10 09:00:48.678645612,41.85067519117144,-87.63815150154772,13
2026-02-10 00:50:37.418915945,41.871178787825286,-87.6438714830947,9
2026-02-10 06:52:54.675099017,41.88628989340069,-87.62616237640754,13
2026-02-10 16:31:19.856540842,41.9043377287392,-87.6299085584775,5
2026-02-10 01:21:34.578947504,41.91002621252951,-87.6556630922632,16
2026-02-10 15:06:37.770678421,41.898591484426284,-87.63848030209418,10
2026-02-10 00:07:39.905648292,41.89763897489387,-87.6499397432509,8
2026-02-10 09:15:38.388335627,41.883890291240434,-87.64124176149546,12
2026-02-10 12:21:50.470878019,41.899853252668606,-87.62745702826479,12
2026-02-10 20:23:21.360387107,41.90433750359622,-87.62903154397179,14
2026-02-10 23:09:46.096844657,41.887454602501506,-87.65990587063543,12
2026-02-10 20:02:07.750678033,41.85115737164588,-87.67588140934511,8
2026-02-10 03:47:57.026453849,41.84380718024179,-87.67901876264644,13
2026-02-10 12:26:40.214884020,41.86164481602475,-87.64633912684779,13
2026-02-10 22:13:14.170823272,41.84005152636669,-87.67047051842191,11
2026-02-10 04:51:29.054237523,41.819981247690635,-87.67048921229244,13
2026-02-10 08:28:57.910628726,41.81682167594404,-87.66281882079883,15
2026-02-10 00:15:14.573896800,41.869146226461076,-87.66671829336863,12
2026-02-10 19:07:14.328207340,41.835055856043574,-87.68940519725855,15
2026-02-10 17:06:03.590952058,41.85715768790285,-87.66824193335715,8
2026-02-10 18:54:16.713878359,41.83992465639863,-87.62782158895594,13
2026-02-10 21:21:47.448650315,41.85309656433399,-87.7046309883332,7
2026-02-10 09:54:32.124864828,41.84042812386981,-87.65939827749247,9
2026-02-10 14:16:31.143008979,41.80321415444889,-87.68541986471244,8
2026-02-11 19:03:38.812664419,41.84868801861716,-87.60591209937951,1
2026-02-11 21:03:53.476308474,41.87502125619748,-87.52666930723336,3
2026-02-11 05:30:14.908572081,41.905222116893,-87.61412413674825,4
2026-02-11 19:39:17.068307135,41.920197416626635,-87.70390983833053,2
2026-02-11 23:51:51.289626795,41.78936740315814,-87.6353108845135,2
2026-02-11 10:42:44.725988220,41.83700965500427,-87.75274246781142,4
2026-02-11 23:26:08.612509260,41.814937369109366,-87.48964024276317,2
2026-02-11 12:47:47.961937319,41.8801805174348,-87.63782486930552,3
2026-02-11 17:01:39.623985522,41.92655179396768,-87.52094470699909,4
2026-02-11 06:44:42.496603056,41.79634059307348,-87.67799207941655,1
2026-02-11 08:02:12.197195345,41.86505326883024,-87.53865497939603,6
2026-02-11 08:32:33.895337460,41.90373282661819,-87.56787921413924,2
2026-02-11 17:04:10.942591411,41.88559416940198,-87.67804548257801,12
2026-02-11 09:29:56.124604235,41.907740872910765,-87.6471155022161,10
2026-02-11 12:13:13.392439270,41.872791108651356,-87.6306626106514,10
2026-02-11 15:14:32.016814918,41.88683135080583,-87.63591547404172,19
2026-02-11 06:50:02.423745639,41.89349322667774,-87.6370414918389,15
2026-02-11 22:12:59.740198393,41.90103976157298,-87.66736921955571,9
2026-02-11 18:01:55.664677624,41.89869714766073,-87.63969974646724,14
2026-02-11 12:32:49.171027111,41.86988414893063,-87.63419713098443,17
2026-02-11 15:48:32.216438155,41.90342391537174,-87.63658930017102,12
2026-02-11 23:05:28.481192176,41.86747932211785,-87.66542137749408,14
2026-02-11 04:09:08.531379613,41.899039402223195,-87.64017866276329,11
2026-02-11 19:30:27.413268166,41.89133390305657,-87.64176709131311,17
2026-02-11 23:02:32.694402893,41.884793602268275,-87.62732679960651,18
2026-02-11 07:28:14.524499545,41.86898422383914,-87.64978153557689,12
2026-02-11 04:12:01.466674073,41.886481052354334,-87.64378264395972,15
2026-02-11 03:10:30.192289967,41.901206848573445,-87.62025340078219,12
2026-02-11 11:55:36.499400864,41.89523052997028,-87.6447328000187,16
2026-02-11 20:50:56.181487530,41.89684567278069,-87.65150990790163,8
2026-02-11 06:49:45.379101763,41.85146874347559,-87.67788741648027,15
2026-02-11 08:57:30.304882428,41.831216668585746,-87.66514054266719,16
2026-02-11 10:27:54.946463862,41.82384670742835,-87.65285461067822,16
2026-02-11 01:46:26.051220068,41.83601048178468,-87.67147988196501,11
2026-02-11 07:14:55.342932081,41.82117721875209,-87.69348244818671,7
2026-02-11 21:06:31.181159357,41.84138535889854,-87.66905708839269,7
2026-02-11 05:02:53.686644526,41.867494142227635,-87.68988498544937,16
2026-02-11 19:48:33.945102187,41.8464988484336,-87.68174628183586,4
2026-02-11 11:25:35.079637473,41.8177858925323,-87.68440544912846,11
2026-02-11 08:09:46.992325219,41.84472299185756,-87.6891065427467,10
2026-02-11 03:30:54.616718511,41.823078003781376,-87.66975135643865,10
2026-02-11 22:52:59.189960142,41.86302496825338,-87.67999145024541,12
2026-02-11 12:05:21.561188899,41.8353125891557,-87.6716339804822,17
2026-02-11 16:28:52.129029072,41.85415879522389,-87.68358006566393,8
2026-02-12 01:10:47.901406588,41.89226661896785,-87.6355911281857,3
2026-02-12 05:15:48.086593677,41.86982617232862,-87.56722051376038,3
2026-02-12 22:06:10.355397902,41.9099200217714,-87.48211141515856,3
2026-02-12 11:43:44.068329260,41.91078319918074,-87.56530429932482,5
2026-02-12 06:11:40.553733670,41.94108889284518,-87.56476202536821,2
2026-02-12 13:33:37.333663603,41.840200999366154,-87.63758350114064,2
2026-02-12 01:25:35.786491764,41.814064128164084,-87.55643851104576,2
2026-02-12 01:46:35.302720671,41.92381520631148,-87.58210910770508,6
2026-02-12 06:36:10.115421146,41.84674520331453,-87.53259363163248,3
2026-02-12 00:04:50.037359837,41.88691385178641,-87.57585259096005,3
2026-02-12 09:20:05.167650212,41.95146669060388,-87.72435540149122,3
2026-02-12 21:19:01.446637119,41.89811972000229,-87.58508758134212,6
2026-02-12 05:50:24.479062557,41.89899795525214,-87.63032190220054,4
2026-02-12 05:21:28.294083508,41.84241870615771,-87.59883543541966,3
2026-02-12 03:13:27.511196479,41.84070705862766,-87.72696542460609,3
2026-02-12 23:36:43.733399842,41.940732745277856,-87.53742045562181,1
2026-02-12 04:26:35.761021913,41.860281347171686,-87.72775114252015,3
2026-02-12 01:28:10.590108977,41.905054937331066,-87.63970048125196,17
2026-02-12 14:39:46.979731812,41.895885006286214,-87.6348459660646,10
2026-02-12 02:57:08.498303525,41.90033593718523,-87.65134164463191,14
2026-02-12 23:22:56.840793184,41.901235449866746,-87.63795671051192,11
2026-02-12 13:55:48.170255020,41.88671050059624,-87.61311412182394,13
2026-02-12 08:54:07.589710031,41.910704585915965,-87.64105125701542,10
2026-02-12 00:10:57.910444829,41.88802384711432,-87.63688991545581,17
2026-02-12 18:31:42.973815123,41.90593468577908,-87.64535791117122,10
2026-02-12 20:06:42.543856356,41.86420695863701,-87.63558155734259,20
2026-02-12 06:20:10.772520388,41.8842805988893,-87.63093189401302,11
2026-02-12 16:19:36.442459732,41.87914361987837,-87.65304805483841,15
2026-02-12 19:45:33.102189532,41.923739690474065,-87.63376031116158,14
2026-02-12 05:15:17.713940646,41.88449942226782,-87.6520277048506,14
2026-02-12 02:40:22.593462341,41.88112680821877,-87.62975579810292,10
2026-02-12 06:07:16.008847521,41.872832490738524,-87.66766985833024,16
2026-02-12 00:31:23.221002565,41.891794405238095,-87.63627820661233,14
2026-02-12 14:26:08.992043373,41.88336977079296,-87.63838356866985,10
2026-02-12 15:31:13.298422411,41.89273284551325,-87.63324632474443,13
2026-02-12 19:19:07.403553829,41.905512851436505,-87.62092472205047,11
2026-02-12 18:46:07.645380338,41.839040593828074,-87.7113444272319,9
2026-02-12 00:33:13.243981477,41.82266755002562,-87.68848683838704,10
2026-02-12 00:25:41.578802858,41.83878732114986,-87.68107329738304,12
2026-02-12 06:20:14.834902859,41.83155980950609,-87.67246175323893,9
2026-02-12 00:05:40.617530823,41.85926132498667,-87.67402067059768,11
2026-02-12 23:54:36.928337089,41.83983583185453,-87.68694409507859,12
2026-02-12 07:17:45.869181217,41.80371318143948,-87.69379342016396,18
2026-02-12 00:51:43.304947726,41.83901536732607,-87.69611503585804,13
2026-02-12 11:25:08.135476969,41.79655497808686,-87.64822358918312,5
2026-02-12 18:43:32.758863071,41.83744864230463,-87.68294005883963,9
2026-02-12 23:21:26.698303483,41.84653057593335,-87.67450054265221,11
2026-02-12 20:41:30.530188073,41.84828300637252,-87.67709469479415,14
2026-02-12 05:39:34.976606214,41.839086983586405,-87.68590039640029,12
2026-02-12 01:36:11.845174775,41.81055662081251,-87.67526765235262,16
2026-02-12 19:05:52.487219682,41.85823056477567,-87.67519774677571,23
2026-02-12 01:39:56.722316903,41.83167416764955,-87.68364236767543,14
2026-02-12 22:48:07.618950533,41.797750872889914,-87.67945031051754,9
2026-02-12 16:42:15.177952261,41.826958996544995,-87.68642658768836,17
2026-02-12 04:06:17.790432120,41.8468539848236,-87.68296424040402,11
2026-02-12 02:02:03.103789766,41.81479815899208,-87.6697969159642,15
2026-02-13 15:40:59.581958743,41.90974223822121,-87.6596743049581,3
2026-02-13 11:31:45.434070326,41.94672215902822,-87.52279090778879,3
2026-02-13 12:13:21.107296129,41.861001405131994,-87.68177118478792,3
2026-02-13 08:21:36.567210573,41.94227993150541,-87.60014679284329,3
2026-02-13 18:33:01.287119574,41.927939634285046,-87.64549231068254,5
2026-02-13 12:47:14.677594764,41.91121035696102,-87.55426135026568,3
2026-02-13 18:27:39.163524457,41.85169447323058,-87.65558394009685,2
2026-02-13 19:18:43.274721056,41.845397748251024,-87.64537079346893,1
2026-02-13 15:05:43.505352205,41.83601701844482,-87.55466485315206,3
2026-02-13 10:09:33.633580552,41.860685044042576,-87.57990651865097,5
2026-02-13 02:05:05.154880834,41.86963361516158,-87.57993229388508,4
2026-02-13 16:24:48.923458662,41.842698235852076,-87.60518590933471,3
2026-02-13 01:31:03.950117959,41.957705982399446,-87.71397939910929,2
2026-02-13 11:20:24.065759933,41.853760464162086,-87.52356594345778,4
2026-02-13 08:57:38.716990354,41.84641560079307,-87.64324304237407,6
2026-02-13 21:06:52.258540094,41.83803036203805,-87.68105403165848,3
2026-02-13 16:15:25.807018491,41.871942685535046,-87.53423717597303,2
2026-02-13 11:55:09.611592919,41.809574896747286,-87.66642169789026,4
2026-02-13 20:31:21.628457933,41.810215336284315,-87.72382338698094,1
2026-02-13 01:43:54.940501233,41.972994711619634,-87.65687421569504,4
2026-02-13 20:00:03.547682369,41.923635375666265,-87.64164531505988,3
2026-02-13 19:35:29.803310933,41.90107292579835,-87.60708992048288,3
2026-02-13 08:03:24.174416108,41.86459701632235,-87.7163958032604,4
2026-02-13 16:50:37.947305447,41.89318373594049,-87.66194003627393,4
2026-02-13 00:43:27.254171966,41.792209887128905,-87.64938475660702,3
2026-02-13 18:10:08.251761657,41.82261762029956,-87.56811285424143,3
2026-02-13 11:58:18.445002130,41.9056745694842,-87.63998839436148,7
2026-02-13 20:57:31.600678055,41.879933033924345,-87.65209390771415,13
2026-02-13 01:39:46.448237989,41.864119802886115,-87.6593160194035,17
2026-02-13 14:30:59.229397848,41.90148612816155,-87.6430742116446,8
2026-02-13 03:24:50.335575174,41.889718600608646,-87.6522432883993,16
2026-02-13 16:15:42.520773557,41.882313996720974,-87.62612525129018,13
2026-02-13 14:45:08.342300520,41.9056048934833,-87.63301502946582,13
2026-02-13 13:32:02.301496889,41.89435635836944,-87.64148647887802,16
2026-02-13 18:38:53.400747776,41.907315818494666,-87.63536724162545,15
2026-02-13 09:22:16.391501460,41.894555977462595,-87.64176171812909,12
2026-02-13 11:55:25.023078890,41.896352586488916,-87.63932483836763,16
2026-02-13 06:21:53.487650087,41.86248926594343,-87.6324753505146,9
2026-02-13 20:09:06.704301177,41.9000106436575,-87.62913214608969,14
2026-02-13 16:28:04.772843202,41.90224563912926,-87.6481928867672,18
2026-02-13 05:58:44.281492334,41.86645841658919,-87.67034163432062,14
2026-02-13 07:15:17.615416685,41.90569048498827,-87.63771672776055,16
2026-02-13 21:15:15.582577071,41.89687421819935,-87.62994833957691,8
2026-02-13 14:55:34.365367214,41.874987330470255,-87.62318668505408,13
2026-02-13 00:43:31.415046363,41.89202193406218,-87.61855911039848,15
2026-02-13 23:15:02.643094227,41.87974348536772,-87.63633066038328,16
2026-02-13 22:33:47.665638422,41.8867735943292,-87.65500306299978,9
2026-02-13 01:28:20.880826247,41.87058838652466,-87.6542788662399,10
2026-02-13 05:29:52.448821734,41.89413359348444,-87.62814875931332,10
2026-02-13 16:51:50.169981447,41.88169827229823,-87.6372017791622,14
2026-02-13 06:21:36.115442553,41.87925588149995,-87.62778244267822,15
2026-02-13 10:19:15.314733687,41.916138104550136,-87.65753594320022,8
2026-02-13 14:40:07.446841199,41.884397140768414,-87.63787556839283,15
2026-02-13 01:53:05.448230270,41.897839822162965,-87.64235126934224,15
2026-02-13 18:36:39.373893294,41.90974522301807,-87.62984113554471,8
2026-02-13 01:18:47.801662305,41.84890447640382,-87.65682567925073,18
2026-02-13 14:33:32.837740495,41.845397342195135,-87.68275946687609,12
2026-02-13 16:28:20.001630846,41.81962177827927,-87.67601085893872,10
2026-02-13 07:12:00.847069125,41.85751626571493,-87.6548280142931,11
2026-02-13 01:14:16.144228231,41.8087744099569,-87.65588476919183,10
2026-02-13 19:38:02.389389736,41.8175843208371,-87.69662023506427,12
2026-02-13 11:54:14.812086903,41.83772575379971,-87.66044773571302,13
2026-02-13 12:30:14.901744552,41.85739066455798,-87.68274455448815,18
2026-02-13 05:48:21.914911423,41.89627111297027,-87.67970296836654,6
2026-02-13 00:32:46.820099217,41.8552596708124,-87.6546660959495,10
2026-02-13 11:26:54.172959266,41.86488404477376,-87.67426082527747,11
2026-02-13 19:25:38.262851793,41.798222562801136,-87.66503585533806,14
2026-02-13 15:39:11.984827760,41.86514618693081,-87.67037921681312,14
2026-02-13 19:16:02.529442632,41.84432699880509,-87.7031389201184,12
2026-02-13 08:51:03.404971838,41.84041274631022,-87.69421572182145,14
2026-02-13 06:11:18.684090660,41.827655101745485,-87.6884521971975,18
2026-02-14 18:50:35.974097569,41.87443226027116,-87.65216026976718,1
2026-02-14 22:29:37.474683136,41.97741323402448,-87.62940483063403,5
2026-02-14 09:12:09.292142404,41.84785133390653,-87.55477179758614,3
2026-02-14 04:30:02.614609563,41.927788355252815,-87.59793484251168,8
2026-02-14 12:19:03.957515010,41.77129932252804,-87.67028540439539,2
2026-02-14 14:35:36.470610325,41.851932779086226,-87.56895465251742,5
2026-02-14 13:52:39.947660946,41.89675315476876,-87.58230950968321,2
2026-02-14 17:04:30.240397699,41.8375341335213,-87.65590888487517,2
2026-02-14 13:27:43.393953568,41.82161399828425,-87.7557113064944,5
2026-02-14 21:49:01.845744389,41.885595164869535,-87.71767477060301,4
2026-02-14 19:22:37.276881927,41.911260819485214,-87.65001285540372,4
2026-02-14 23:24:01.615322393,41.86120460759559,-87.74206721576947,5
2026-02-14 16:28:08.792835124,41.83035357737215,-87.62523717294673,2
2026-02-14 00:29:24.439283380,41.81161853032204,-87.59655782681713,4
2026-02-14 23:52:52.867668521,41.91020641480923,-87.58849533676667,3
2026-02-14 20:20:44.693048954,41.85358061951183,-87.70991604836068,4
2026-02-14 19:18:53.820422058,41.79661287268555,-87.56846050028702,3
2026-02-14 03:12:07.243524131,41.882596919791055,-87.5840280279536,2
2026-02-14 17:44:21.025932266,41.97121604866244,-87.70394444985988,2
2026-02-14 09:57:04.133973031,41.934470136353234,-87.62820090987995,2
2026-02-14 08:17:04.033426039,41.854409841129616,-87.70566672065736,2
2026-02-14 20:55:30.036369161,41.88585231281525,-87.61540663119291,4
2026-02-14 12:28:51.618808057,41.832377621670574,-87.69336419661953,2
2026-02-14 17:00:25.654886076,41.977948366664044,-87.63042788765863,3
2026-02-14 05:41:44.068082384,41.83561495954499,-87.54940721281335,5
2026-02-14 16:08:06.730613421,41.866433382941224,-87.6602784542345,2
2026-02-14 16:00:41.818626946,41.855172462028705,-87.64387708231126,2
2026-02-14 10:17:14.834039416,41.82167079241915,-87.71872236876618,3
2026-02-14 10:12:05.691157023,41.99795583572659,-87.63423236605247,2
2026-02-14 21:37:06.210267239,41.88402671207232,-87.59072402169936,3
2026-02-14 05:20:53.616247426,41.92075461368467,-87.65665516039446,11
2026-02-14 04:21:47.198298781,41.861947680751875,-87.64787451021849,10
2026-02-14 21:45:04.043480710,41.86214030104409,-87.64539219534274,19
2026-02-14 17:12:40.363568757,41.8723417433009,-87.64706941568545,11
2026-02-14 01:09:32.415906562,41.885993941924255,-87.64352663722612,15
2026-02-14 05:31:37.936999986,41.91083798958798,-87.64571716730592,8
2026-02-14 06:22:05.599756426,41.89013312157125,-87.62359081969625,18
2026-02-14 00:12:52.262615264,41.9033207640372,-87.65200546841638,17
2026-02-14 17:00:19.598706882,41.887523161549915,-87.670122217087,16
2026-02-14 10:12:34.282654437,41.89851833731168,-87.62310675652333,14
2026-02-14 00:25:18.389306712,41.876683996744,-87.6255216605654,14
2026-02-14 22:33:40.054413390,41.875205572681416,-87.61336931058845,6
2026-02-14 15:51:32.449868502,41.89056807444385,-87.63752924095046,12
2026-02-14 04:11:13.590202530,41.868001045517694,-87.6387357872309,14
2026-02-14 16:02:11.967946109,41.897376222883025,-87.6102610444677,16
2026-02-14 15:29:29.688851710,41.89521713023259,-87.66122248236435,9
2026-02-14 07:29:51.806818281,41.86093922327645,-87.6388930477923,14
2026-02-14 18:26:54.656315892,41.90699342757837,-87.64961643074112,12
2026-02-14 02:18:59.238677114,41.850547999650125,-87.64278259597285,7
2026-02-14 17:55:47.719683644,41.90277907498683,-87.64357701156008,15
2026-02-14 10:31:57.259068526,41.8796170392022,-87.67533393031579,16
2026-02-14 15:28:55.069815405,41.840501858747004,-87.66881169009646,7
2026-02-14 06:00:17.980741767,41.822645875297674,-87.6980312973789,10
2026-02-14 04:47:58.719914045,41.845067424891674,-87.69765544502667,16
2026-02-14 11:42:11.207165262,41.84834989939465,-87.67029759963239,10
2026-02-14 06:53:02.934678027,41.835797293798294,-87.66788287390119,18
2026-02-14 01:11:31.310323071,41.852086991513005,-87.6760952836625,14
2026-02-14 08:28:20.481252584,41.82483600881125,-87.67435628753111,10
2026-02-14 02:12:05.193459823,41.83703907444669,-87.67945764147348,12
2026-02-14 05:29:08.183653872,41.8600377458106,-87.67952178299556,19
2026-02-14 11:44:44.371049389,41.86660912260892,-87.69658668989027,9
2026-02-14 23:42:04.604212493,41.82663857988259,-87.65421422101412,14
2026-02-14 06:14:02.690349464,41.84561912513933,-87.66275943340104,16
2026-02-14 14:04:03.978212223,41.83991821957772,-87.67608821070534,10
2026-02-14 08:22:08.439360656,41.82987822070421,-87.67701162108386,8
2026-02-14 08:02:15.506066448,41.84235105915643,-87.66626043484096,10
2026-02-14 16:36:31.288988026,41.83887429447642,-87.6254629090003,9
2026-02-14 09:57:38.741528603,41.830692646641396,-87.69729339403685,21
2026-02-14 12:11:03.758570553,41.8677646736032,-87.67448160432204,10
